2026-05-24T08:48:43+0300 INFO: Запуск процесса из студии разработки. C:\Users\NKTKLN\Desktop\puzzle-rpa-hack2\Kейс1_РазнесениеВыписки1С\process\main.json
2026-05-24T08:48:44+0300 INFO: Старт робота: C:\Users\NKTKLN\Desktop\puzzle-rpa-hack2\Kейс1_РазнесениеВыписки1С\resource\f88f79ba-42ad-4875-94f0-a9db18e91c55\node_530.py
2026-05-24T08:48:44+0300 INFO: Старт робота: C:\Users\NKTKLN\Desktop\puzzle-rpa-hack2\Kейс1_РазнесениеВыписки1С\resource\f88f79ba-42ad-4875-94f0-a9db18e91c55\servo_940.py
2026-05-24T08:48:46+0300 INFO: Старт робота: C:\Users\NKTKLN\Desktop\puzzle-rpa-hack2\Kейс1_РазнесениеВыписки1С\resource\f88f79ba-42ad-4875-94f0-a9db18e91c55\robo_190.py
2026-05-24T08:48:47+0300 INFO: Старт робота: C:\Users\NKTKLN\Desktop\puzzle-rpa-hack2\Kейс1_РазнесениеВыписки1С\resource\f88f79ba-42ad-4875-94f0-a9db18e91c55\synth_656.py
2026-05-24T08:48:47+0300 INFO: Старт робота: C:\Users\NKTKLN\Desktop\puzzle-rpa-hack2\Kейс1_РазнесениеВыписки1С\resource\f88f79ba-42ad-4875-94f0-a9db18e91c55\bot_719.py
2026-05-24T08:48:47+0300 INFO: Старт робота: C:\Users\NKTKLN\Desktop\puzzle-rpa-hack2\Kейс1_РазнесениеВыписки1С\resource\f88f79ba-42ad-4875-94f0-a9db18e91c55\bushkov_758.py
2026-05-24T08:48:47+0300 INFO: Старт робота: C:\Users\NKTKLN\Desktop\puzzle-rpa-hack2\Kейс1_РазнесениеВыписки1С\resource\f88f79ba-42ad-4875-94f0-a9db18e91c55\main.py
2026-05-24T08:48:47+0300 INFO: C:\Users\NKTKLN\Desktop\puzzle-rpa-hack2\Kейс1_РазнесениеВыписки1С\resource\f88f79ba-42ad-4875-94f0-a9db18e91c55\servo_940.py Подготовка конфигурации...
2026-05-24T08:48:47+0300 INFO: C:\Users\NKTKLN\Desktop\puzzle-rpa-hack2\Kейс1_РазнесениеВыписки1С\resource\f88f79ba-42ad-4875-94f0-a9db18e91c55\servo_940.py Чтение файла конфигурации...
2026-05-24T08:48:47+0300 INFO: C:\Users\NKTKLN\Desktop\puzzle-rpa-hack2\Kейс1_РазнесениеВыписки1С\resource\f88f79ba-42ad-4875-94f0-a9db18e91c55\servo_940.py Файл конфигурации найден
2026-05-24T08:48:47+0300 INFO: C:\Users\NKTKLN\Desktop\puzzle-rpa-hack2\Kейс1_РазнесениеВыписки1С\resource\f88f79ba-42ad-4875-94f0-a9db18e91c55\servo_940.py Чтение файла конфигурации успешно
2026-05-24T08:48:47+0300 INFO: C:\Users\NKTKLN\Desktop\puzzle-rpa-hack2\Kейс1_РазнесениеВыписки1С\resource\f88f79ba-42ad-4875-94f0-a9db18e91c55\servo_940.py Подготовка и валидация конфига...
2026-05-24T08:48:47+0300 INFO: C:\Users\NKTKLN\Desktop\puzzle-rpa-hack2\Kейс1_РазнесениеВыписки1С\resource\f88f79ba-42ad-4875-94f0-a9db18e91c55\servo_940.py Значения по умолчанию заполнены
2026-05-24T08:48:47+0300 INFO: C:\Users\NKTKLN\Desktop\puzzle-rpa-hack2\Kейс1_РазнесениеВыписки1С\resource\f88f79ba-42ad-4875-94f0-a9db18e91c55\servo_940.py Все обязательные поля в конфиге существуют
2026-05-24T08:48:47+0300 INFO: C:\Users\NKTKLN\Desktop\puzzle-rpa-hack2\Kейс1_РазнесениеВыписки1С\resource\f88f79ba-42ad-4875-94f0-a9db18e91c55\servo_940.py Конфиг логически корректен
2026-05-24T08:48:47+0300 INFO: C:\Users\NKTKLN\Desktop\puzzle-rpa-hack2\Kейс1_РазнесениеВыписки1С\resource\f88f79ba-42ad-4875-94f0-a9db18e91c55\servo_940.py Конфигурация дополнена и проверена
2026-05-24T08:48:47+0300 INFO: C:\Users\NKTKLN\Desktop\puzzle-rpa-hack2\Kейс1_РазнесениеВыписки1С\resource\f88f79ba-42ad-4875-94f0-a9db18e91c55\servo_940.py Конфигурация готова к работе
2026-05-24T08:48:47+0300 INFO: C:\Users\NKTKLN\Desktop\puzzle-rpa-hack2\Kейс1_РазнесениеВыписки1С\resource\f88f79ba-42ad-4875-94f0-a9db18e91c55\robo_190.py Инициализация 1С...
2026-05-24T08:48:56+0300 INFO: C:\Users\NKTKLN\Desktop\puzzle-rpa-hack2\Kейс1_РазнесениеВыписки1С\resource\f88f79ba-42ad-4875-94f0-a9db18e91c55\robo_190.py 1С запущен
2026-05-24T08:48:56+0300 INFO: C:\Users\NKTKLN\Desktop\puzzle-rpa-hack2\Kейс1_РазнесениеВыписки1С\resource\f88f79ba-42ad-4875-94f0-a9db18e91c55\robo_190.py Вход в 1С...
2026-05-24T08:48:56+0300 INFO: C:\Users\NKTKLN\Desktop\puzzle-rpa-hack2\Kейс1_РазнесениеВыписки1С\resource\f88f79ba-42ad-4875-94f0-a9db18e91c55\robo_190.py Отправка данных для логина...
2026-05-24T08:48:57+0300 INFO: C:\Users\NKTKLN\Desktop\puzzle-rpa-hack2\Kейс1_РазнесениеВыписки1С\resource\f88f79ba-42ad-4875-94f0-a9db18e91c55\robo_190.py Отправка данных успешна
2026-05-24T08:49:27+0300 INFO: C:\Users\NKTKLN\Desktop\puzzle-rpa-hack2\Kейс1_РазнесениеВыписки1С\resource\f88f79ba-42ad-4875-94f0-a9db18e91c55\robo_190.py Вход в 1С успешен
2026-05-24T08:49:27+0300 INFO: C:\Users\NKTKLN\Desktop\puzzle-rpa-hack2\Kейс1_РазнесениеВыписки1С\resource\f88f79ba-42ad-4875-94f0-a9db18e91c55\synth_656.py Чтение файла банковской выписки...
2026-05-24T08:49:27+0300 INFO: C:\Users\NKTKLN\Desktop\puzzle-rpa-hack2\Kейс1_РазнесениеВыписки1С\resource\f88f79ba-42ad-4875-94f0-a9db18e91c55\synth_656.py Файл банковской выписки найден
2026-05-24T08:49:27+0300 INFO: C:\Users\NKTKLN\Desktop\puzzle-rpa-hack2\Kейс1_РазнесениеВыписки1С\resource\f88f79ba-42ad-4875-94f0-a9db18e91c55\synth_656.py Чтение банковской выписки успешно
2026-05-24T08:49:27+0300 INFO: C:\Users\NKTKLN\Desktop\puzzle-rpa-hack2\Kейс1_РазнесениеВыписки1С\resource\f88f79ba-42ad-4875-94f0-a9db18e91c55\synth_656.py Валидация банковской выписки...
2026-05-24T08:49:27+0300 INFO: C:\Users\NKTKLN\Desktop\puzzle-rpa-hack2\Kейс1_РазнесениеВыписки1С\resource\f88f79ba-42ad-4875-94f0-a9db18e91c55\synth_656.py Все обязательные колонки в банковской выпеске существуют
2026-05-24T08:49:27+0300 INFO: C:\Users\NKTKLN\Desktop\puzzle-rpa-hack2\Kейс1_РазнесениеВыписки1С\resource\f88f79ba-42ad-4875-94f0-a9db18e91c55\synth_656.py Банковская выписка готова к работе
2026-05-24T08:49:27+0300 INFO: C:\Users\NKTKLN\Desktop\puzzle-rpa-hack2\Kейс1_РазнесениеВыписки1С\resource\f88f79ba-42ad-4875-94f0-a9db18e91c55\bushkov_758.py Обработка банковских данных...
2026-05-24T08:49:27+0300 INFO: C:\Users\NKTKLN\Desktop\puzzle-rpa-hack2\Kейс1_РазнесениеВыписки1С\resource\f88f79ba-42ad-4875-94f0-a9db18e91c55\bushkov_758.py Начата обработка платежа: {'Дата': '2025-01-03', 'Сумма': 15000, 'Тип': 'Поступление', 'Назначение': 'Оплата по счету', 'ИНН_контрагента': 7799091002, 'Организация': 'Конфетпром ООО', 'Контрагент': 'Бар Дионис'}
2026-05-24T08:49:27+0300 INFO: C:\Users\NKTKLN\Desktop\puzzle-rpa-hack2\Kейс1_РазнесениеВыписки1С\resource\f88f79ba-42ad-4875-94f0-a9db18e91c55\synth_656.py Валидация данных платежа...
2026-05-24T08:49:27+0300 INFO: C:\Users\NKTKLN\Desktop\puzzle-rpa-hack2\Kейс1_РазнесениеВыписки1С\resource\f88f79ba-42ad-4875-94f0-a9db18e91c55\synth_656.py Данные корректны
2026-05-24T08:49:27+0300 INFO: C:\Users\NKTKLN\Desktop\puzzle-rpa-hack2\Kейс1_РазнесениеВыписки1С\resource\f88f79ba-42ad-4875-94f0-a9db18e91c55\bushkov_758.py Определение типа операции...
2026-05-24T08:49:27+0300 INFO: C:\Users\NKTKLN\Desktop\puzzle-rpa-hack2\Kейс1_РазнесениеВыписки1С\resource\f88f79ba-42ad-4875-94f0-a9db18e91c55\robo_190.py Заполнение банковской выписки...
2026-05-24T08:49:27+0300 INFO: C:\Users\NKTKLN\Desktop\puzzle-rpa-hack2\Kейс1_РазнесениеВыписки1С\resource\f88f79ba-42ad-4875-94f0-a9db18e91c55\robo_190.py Открытие формы...
2026-05-24T08:49:27+0300 INFO: C:\Users\NKTKLN\Desktop\puzzle-rpa-hack2\Kейс1_РазнесениеВыписки1С\resource\f88f79ba-42ad-4875-94f0-a9db18e91c55\robo_190.py Открытие страницы "Банковские выписки"...
2026-05-24T08:49:33+0300 INFO: C:\Users\NKTKLN\Desktop\puzzle-rpa-hack2\Kейс1_РазнесениеВыписки1С\resource\f88f79ba-42ad-4875-94f0-a9db18e91c55\robo_190.py Открытие формы для заполнения банковской выписки
2026-05-24T08:49:35+0300 INFO: C:\Users\NKTKLN\Desktop\puzzle-rpa-hack2\Kейс1_РазнесениеВыписки1С\resource\f88f79ba-42ad-4875-94f0-a9db18e91c55\robo_190.py Страница успешно открыта
2026-05-24T08:49:41+0300 INFO: C:\Users\NKTKLN\Desktop\puzzle-rpa-hack2\Kейс1_РазнесениеВыписки1С\resource\f88f79ba-42ad-4875-94f0-a9db18e91c55\robo_190.py Заполнение вормы банковской выписки...
2026-05-24T08:49:41+0300 INFO: C:\Users\NKTKLN\Desktop\puzzle-rpa-hack2\Kейс1_РазнесениеВыписки1С\resource\f88f79ba-42ad-4875-94f0-a9db18e91c55\robo_190.py Заполнение поля: date_field
2026-05-24T08:49:49+0300 INFO: C:\Users\NKTKLN\Desktop\puzzle-rpa-hack2\Kейс1_РазнесениеВыписки1С\resource\f88f79ba-42ad-4875-94f0-a9db18e91c55\robo_190.py Заполнение поля: purpose_field
2026-05-24T08:49:50+0300 INFO: C:\Users\NKTKLN\Desktop\puzzle-rpa-hack2\Kейс1_РазнесениеВыписки1С\resource\f88f79ba-42ad-4875-94f0-a9db18e91c55\robo_190.py Заполнение поля: inn_field
2026-05-24T08:49:52+0300 INFO: C:\Users\NKTKLN\Desktop\puzzle-rpa-hack2\Kейс1_РазнесениеВыписки1С\resource\f88f79ba-42ad-4875-94f0-a9db18e91c55\robo_190.py Заполнение поля: amount_field
2026-05-24T08:49:53+0300 INFO: C:\Users\NKTKLN\Desktop\puzzle-rpa-hack2\Kейс1_РазнесениеВыписки1С\resource\f88f79ba-42ad-4875-94f0-a9db18e91c55\robo_190.py Заполнение поля: org_field
2026-05-24T08:49:56+0300 INFO: C:\Users\NKTKLN\Desktop\puzzle-rpa-hack2\Kейс1_РазнесениеВыписки1С\resource\f88f79ba-42ad-4875-94f0-a9db18e91c55\robo_190.py Форма успешно заполнена
2026-05-24T08:49:56+0300 INFO: C:\Users\NKTKLN\Desktop\puzzle-rpa-hack2\Kейс1_РазнесениеВыписки1С\resource\f88f79ba-42ad-4875-94f0-a9db18e91c55\bot_719.py Запись результата...
2026-05-24T08:49:56+0300 INFO: C:\Users\NKTKLN\Desktop\puzzle-rpa-hack2\Kейс1_РазнесениеВыписки1С\resource\f88f79ba-42ad-4875-94f0-a9db18e91c55\bot_719.py Запись успешно добавлена
2026-05-24T08:49:56+0300 INFO: C:\Users\NKTKLN\Desktop\puzzle-rpa-hack2\Kейс1_РазнесениеВыписки1С\resource\f88f79ba-42ad-4875-94f0-a9db18e91c55\bot_719.py Сохранение отчёта...
2026-05-24T08:49:56+0300 INFO: C:\Users\NKTKLN\Desktop\puzzle-rpa-hack2\Kейс1_РазнесениеВыписки1С\resource\f88f79ba-42ad-4875-94f0-a9db18e91c55\bot_719.py Отчёт успешно сохранён
2026-05-24T08:49:56+0300 INFO: C:\Users\NKTKLN\Desktop\puzzle-rpa-hack2\Kейс1_РазнесениеВыписки1С\resource\f88f79ba-42ad-4875-94f0-a9db18e91c55\bot_719.py Обработка банковской выписки завершена.
Всего строк: 4
Успешно: 1
Ошибок: 0
Дубликатов: 0

2026-05-24T08:49:56+0300 INFO: Завершение работы робота: C:\Users\NKTKLN\Desktop\puzzle-rpa-hack2\Kейс1_РазнесениеВыписки1С\resource\f88f79ba-42ad-4875-94f0-a9db18e91c55\main.py
2026-05-24T08:49:56+0300 INFO: Завершение выполнения процесса. C:\Users\NKTKLN\Desktop\puzzle-rpa-hack2\Kейс1_РазнесениеВыписки1С\process\main.json
2026-05-24T08:50:13+0300 INFO: Запуск процесса из студии разработки. C:\Users\NKTKLN\Desktop\puzzle-rpa-hack2\Kейс1_РазнесениеВыписки1С\process\main.json
2026-05-24T08:50:14+0300 INFO: Старт робота: C:\Users\NKTKLN\Desktop\puzzle-rpa-hack2\Kейс1_РазнесениеВыписки1С\resource\7c44f4e2-d784-4a71-abae-116147bb2c08\node_530.py
2026-05-24T08:50:14+0300 INFO: Старт робота: C:\Users\NKTKLN\Desktop\puzzle-rpa-hack2\Kейс1_РазнесениеВыписки1С\resource\7c44f4e2-d784-4a71-abae-116147bb2c08\servo_940.py
2026-05-24T08:50:15+0300 INFO: Старт робота: C:\Users\NKTKLN\Desktop\puzzle-rpa-hack2\Kейс1_РазнесениеВыписки1С\resource\7c44f4e2-d784-4a71-abae-116147bb2c08\robo_190.py
2026-05-24T08:50:16+0300 INFO: Старт робота: C:\Users\NKTKLN\Desktop\puzzle-rpa-hack2\Kейс1_РазнесениеВыписки1С\resource\7c44f4e2-d784-4a71-abae-116147bb2c08\synth_656.py
2026-05-24T08:50:16+0300 INFO: Старт робота: C:\Users\NKTKLN\Desktop\puzzle-rpa-hack2\Kейс1_РазнесениеВыписки1С\resource\7c44f4e2-d784-4a71-abae-116147bb2c08\bot_719.py
2026-05-24T08:50:16+0300 INFO: Старт робота: C:\Users\NKTKLN\Desktop\puzzle-rpa-hack2\Kейс1_РазнесениеВыписки1С\resource\7c44f4e2-d784-4a71-abae-116147bb2c08\bushkov_758.py
2026-05-24T08:50:16+0300 INFO: Старт робота: C:\Users\NKTKLN\Desktop\puzzle-rpa-hack2\Kейс1_РазнесениеВыписки1С\resource\7c44f4e2-d784-4a71-abae-116147bb2c08\main.py
2026-05-24T08:50:16+0300 INFO: C:\Users\NKTKLN\Desktop\puzzle-rpa-hack2\Kейс1_РазнесениеВыписки1С\resource\7c44f4e2-d784-4a71-abae-116147bb2c08\servo_940.py Подготовка конфигурации...
2026-05-24T08:50:16+0300 INFO: C:\Users\NKTKLN\Desktop\puzzle-rpa-hack2\Kейс1_РазнесениеВыписки1С\resource\7c44f4e2-d784-4a71-abae-116147bb2c08\servo_940.py Чтение файла конфигурации...
2026-05-24T08:50:16+0300 INFO: C:\Users\NKTKLN\Desktop\puzzle-rpa-hack2\Kейс1_РазнесениеВыписки1С\resource\7c44f4e2-d784-4a71-abae-116147bb2c08\servo_940.py Файл конфигурации найден
2026-05-24T08:50:16+0300 INFO: C:\Users\NKTKLN\Desktop\puzzle-rpa-hack2\Kейс1_РазнесениеВыписки1С\resource\7c44f4e2-d784-4a71-abae-116147bb2c08\servo_940.py Чтение файла конфигурации успешно
2026-05-24T08:50:16+0300 INFO: C:\Users\NKTKLN\Desktop\puzzle-rpa-hack2\Kейс1_РазнесениеВыписки1С\resource\7c44f4e2-d784-4a71-abae-116147bb2c08\servo_940.py Подготовка и валидация конфига...
2026-05-24T08:50:16+0300 INFO: C:\Users\NKTKLN\Desktop\puzzle-rpa-hack2\Kейс1_РазнесениеВыписки1С\resource\7c44f4e2-d784-4a71-abae-116147bb2c08\servo_940.py Значения по умолчанию заполнены
2026-05-24T08:50:16+0300 INFO: C:\Users\NKTKLN\Desktop\puzzle-rpa-hack2\Kейс1_РазнесениеВыписки1С\resource\7c44f4e2-d784-4a71-abae-116147bb2c08\servo_940.py Все обязательные поля в конфиге существуют
2026-05-24T08:50:16+0300 INFO: C:\Users\NKTKLN\Desktop\puzzle-rpa-hack2\Kейс1_РазнесениеВыписки1С\resource\7c44f4e2-d784-4a71-abae-116147bb2c08\servo_940.py Конфиг логически корректен
2026-05-24T08:50:16+0300 INFO: C:\Users\NKTKLN\Desktop\puzzle-rpa-hack2\Kейс1_РазнесениеВыписки1С\resource\7c44f4e2-d784-4a71-abae-116147bb2c08\servo_940.py Конфигурация дополнена и проверена
2026-05-24T08:50:16+0300 INFO: C:\Users\NKTKLN\Desktop\puzzle-rpa-hack2\Kейс1_РазнесениеВыписки1С\resource\7c44f4e2-d784-4a71-abae-116147bb2c08\servo_940.py Конфигурация готова к работе
2026-05-24T08:50:16+0300 INFO: C:\Users\NKTKLN\Desktop\puzzle-rpa-hack2\Kейс1_РазнесениеВыписки1С\resource\7c44f4e2-d784-4a71-abae-116147bb2c08\robo_190.py Инициализация 1С...
2026-05-24T08:50:25+0300 INFO: C:\Users\NKTKLN\Desktop\puzzle-rpa-hack2\Kейс1_РазнесениеВыписки1С\resource\7c44f4e2-d784-4a71-abae-116147bb2c08\robo_190.py 1С запущен
2026-05-24T08:50:25+0300 INFO: C:\Users\NKTKLN\Desktop\puzzle-rpa-hack2\Kейс1_РазнесениеВыписки1С\resource\7c44f4e2-d784-4a71-abae-116147bb2c08\robo_190.py Вход в 1С...
2026-05-24T08:50:25+0300 INFO: C:\Users\NKTKLN\Desktop\puzzle-rpa-hack2\Kейс1_РазнесениеВыписки1С\resource\7c44f4e2-d784-4a71-abae-116147bb2c08\robo_190.py Отправка данных для логина...
2026-05-24T08:50:26+0300 INFO: C:\Users\NKTKLN\Desktop\puzzle-rpa-hack2\Kейс1_РазнесениеВыписки1С\resource\7c44f4e2-d784-4a71-abae-116147bb2c08\robo_190.py Отправка данных успешна
2026-05-24T08:50:59+0300 INFO: C:\Users\NKTKLN\Desktop\puzzle-rpa-hack2\Kейс1_РазнесениеВыписки1С\resource\7c44f4e2-d784-4a71-abae-116147bb2c08\robo_190.py Вход в 1С успешен
2026-05-24T08:50:59+0300 INFO: C:\Users\NKTKLN\Desktop\puzzle-rpa-hack2\Kейс1_РазнесениеВыписки1С\resource\7c44f4e2-d784-4a71-abae-116147bb2c08\synth_656.py Чтение файла банковской выписки...
2026-05-24T08:50:59+0300 INFO: C:\Users\NKTKLN\Desktop\puzzle-rpa-hack2\Kейс1_РазнесениеВыписки1С\resource\7c44f4e2-d784-4a71-abae-116147bb2c08\synth_656.py Файл банковской выписки найден
2026-05-24T08:50:59+0300 INFO: C:\Users\NKTKLN\Desktop\puzzle-rpa-hack2\Kейс1_РазнесениеВыписки1С\resource\7c44f4e2-d784-4a71-abae-116147bb2c08\synth_656.py Чтение банковской выписки успешно
2026-05-24T08:50:59+0300 INFO: C:\Users\NKTKLN\Desktop\puzzle-rpa-hack2\Kейс1_РазнесениеВыписки1С\resource\7c44f4e2-d784-4a71-abae-116147bb2c08\synth_656.py Валидация банковской выписки...
2026-05-24T08:50:59+0300 INFO: C:\Users\NKTKLN\Desktop\puzzle-rpa-hack2\Kейс1_РазнесениеВыписки1С\resource\7c44f4e2-d784-4a71-abae-116147bb2c08\synth_656.py Все обязательные колонки в банковской выпеске существуют
2026-05-24T08:50:59+0300 INFO: C:\Users\NKTKLN\Desktop\puzzle-rpa-hack2\Kейс1_РазнесениеВыписки1С\resource\7c44f4e2-d784-4a71-abae-116147bb2c08\synth_656.py Банковская выписка готова к работе
2026-05-24T08:50:59+0300 INFO: C:\Users\NKTKLN\Desktop\puzzle-rpa-hack2\Kейс1_РазнесениеВыписки1С\resource\7c44f4e2-d784-4a71-abae-116147bb2c08\bushkov_758.py Обработка банковских данных...
2026-05-24T08:50:59+0300 INFO: C:\Users\NKTKLN\Desktop\puzzle-rpa-hack2\Kейс1_РазнесениеВыписки1С\resource\7c44f4e2-d784-4a71-abae-116147bb2c08\bushkov_758.py Начата обработка платежа: {'Дата': '2025-01-03', 'Сумма': 15000, 'Тип': 'Поступление', 'Назначение': 'Оплата по счету', 'ИНН_контрагента': 7799091002, 'Организация': 'Конфетпром ООО', 'Контрагент': 'Бар Дионис'}
2026-05-24T08:50:59+0300 INFO: C:\Users\NKTKLN\Desktop\puzzle-rpa-hack2\Kейс1_РазнесениеВыписки1С\resource\7c44f4e2-d784-4a71-abae-116147bb2c08\synth_656.py Валидация данных платежа...
2026-05-24T08:50:59+0300 INFO: C:\Users\NKTKLN\Desktop\puzzle-rpa-hack2\Kейс1_РазнесениеВыписки1С\resource\7c44f4e2-d784-4a71-abae-116147bb2c08\synth_656.py Данные корректны
2026-05-24T08:50:59+0300 INFO: C:\Users\NKTKLN\Desktop\puzzle-rpa-hack2\Kейс1_РазнесениеВыписки1С\resource\7c44f4e2-d784-4a71-abae-116147bb2c08\bushkov_758.py Определение типа операции...
2026-05-24T08:50:59+0300 INFO: C:\Users\NKTKLN\Desktop\puzzle-rpa-hack2\Kейс1_РазнесениеВыписки1С\resource\7c44f4e2-d784-4a71-abae-116147bb2c08\robo_190.py Заполнение банковской выписки...
2026-05-24T08:50:59+0300 INFO: C:\Users\NKTKLN\Desktop\puzzle-rpa-hack2\Kейс1_РазнесениеВыписки1С\resource\7c44f4e2-d784-4a71-abae-116147bb2c08\robo_190.py Открытие формы...
2026-05-24T08:50:59+0300 INFO: C:\Users\NKTKLN\Desktop\puzzle-rpa-hack2\Kейс1_РазнесениеВыписки1С\resource\7c44f4e2-d784-4a71-abae-116147bb2c08\robo_190.py Открытие страницы "Банковские выписки"...
2026-05-24T08:51:05+0300 INFO: C:\Users\NKTKLN\Desktop\puzzle-rpa-hack2\Kейс1_РазнесениеВыписки1С\resource\7c44f4e2-d784-4a71-abae-116147bb2c08\robo_190.py Открытие формы для заполнения банковской выписки
2026-05-24T08:51:06+0300 INFO: C:\Users\NKTKLN\Desktop\puzzle-rpa-hack2\Kейс1_РазнесениеВыписки1С\resource\7c44f4e2-d784-4a71-abae-116147bb2c08\robo_190.py Страница успешно открыта
2026-05-24T08:51:12+0300 INFO: C:\Users\NKTKLN\Desktop\puzzle-rpa-hack2\Kейс1_РазнесениеВыписки1С\resource\7c44f4e2-d784-4a71-abae-116147bb2c08\robo_190.py Заполнение вормы банковской выписки...
2026-05-24T08:51:12+0300 INFO: C:\Users\NKTKLN\Desktop\puzzle-rpa-hack2\Kейс1_РазнесениеВыписки1С\resource\7c44f4e2-d784-4a71-abae-116147bb2c08\robo_190.py Заполнение поля: date_field
2026-05-24T08:51:19+0300 INFO: C:\Users\NKTKLN\Desktop\puzzle-rpa-hack2\Kейс1_РазнесениеВыписки1С\resource\7c44f4e2-d784-4a71-abae-116147bb2c08\robo_190.py Заполнение поля: purpose_field
2026-05-24T08:51:21+0300 INFO: C:\Users\NKTKLN\Desktop\puzzle-rpa-hack2\Kейс1_РазнесениеВыписки1С\resource\7c44f4e2-d784-4a71-abae-116147bb2c08\robo_190.py Заполнение поля: inn_field
2026-05-24T08:51:23+0300 INFO: C:\Users\NKTKLN\Desktop\puzzle-rpa-hack2\Kейс1_РазнесениеВыписки1С\resource\7c44f4e2-d784-4a71-abae-116147bb2c08\robo_190.py Заполнение поля: amount_field
2026-05-24T08:51:24+0300 INFO: C:\Users\NKTKLN\Desktop\puzzle-rpa-hack2\Kейс1_РазнесениеВыписки1С\resource\7c44f4e2-d784-4a71-abae-116147bb2c08\robo_190.py Заполнение поля: org_field
2026-05-24T08:51:27+0300 INFO: C:\Users\NKTKLN\Desktop\puzzle-rpa-hack2\Kейс1_РазнесениеВыписки1С\resource\7c44f4e2-d784-4a71-abae-116147bb2c08\robo_190.py Форма успешно заполнена
2026-05-24T08:51:27+0300 INFO: C:\Users\NKTKLN\Desktop\puzzle-rpa-hack2\Kейс1_РазнесениеВыписки1С\resource\7c44f4e2-d784-4a71-abae-116147bb2c08\bot_719.py Запись результата...
2026-05-24T08:51:27+0300 INFO: C:\Users\NKTKLN\Desktop\puzzle-rpa-hack2\Kейс1_РазнесениеВыписки1С\resource\7c44f4e2-d784-4a71-abae-116147bb2c08\bot_719.py Запись успешно добавлена
2026-05-24T08:51:27+0300 INFO: C:\Users\NKTKLN\Desktop\puzzle-rpa-hack2\Kейс1_РазнесениеВыписки1С\resource\7c44f4e2-d784-4a71-abae-116147bb2c08\bushkov_758.py Начата обработка платежа: {'Дата': '2025-01-03', 'Сумма': 30000, 'Тип': 'Поступление', 'Назначение': 'Возврат налога', 'ИНН_контрагента': 5099618931, 'Организация': 'Абрамов Г. С. ИП', 'Контрагент': 'Дом отдыха "Лесная поляна"'}
2026-05-24T08:51:27+0300 INFO: C:\Users\NKTKLN\Desktop\puzzle-rpa-hack2\Kейс1_РазнесениеВыписки1С\resource\7c44f4e2-d784-4a71-abae-116147bb2c08\synth_656.py Валидация данных платежа...
2026-05-24T08:51:27+0300 INFO: C:\Users\NKTKLN\Desktop\puzzle-rpa-hack2\Kейс1_РазнесениеВыписки1С\resource\7c44f4e2-d784-4a71-abae-116147bb2c08\synth_656.py Данные корректны
2026-05-24T08:51:27+0300 INFO: C:\Users\NKTKLN\Desktop\puzzle-rpa-hack2\Kейс1_РазнесениеВыписки1С\resource\7c44f4e2-d784-4a71-abae-116147bb2c08\bushkov_758.py Определение типа операции...
2026-05-24T08:51:27+0300 INFO: C:\Users\NKTKLN\Desktop\puzzle-rpa-hack2\Kейс1_РазнесениеВыписки1С\resource\7c44f4e2-d784-4a71-abae-116147bb2c08\robo_190.py Заполнение банковской выписки...
2026-05-24T08:51:27+0300 INFO: C:\Users\NKTKLN\Desktop\puzzle-rpa-hack2\Kейс1_РазнесениеВыписки1С\resource\7c44f4e2-d784-4a71-abae-116147bb2c08\robo_190.py Открытие формы...
2026-05-24T08:51:27+0300 INFO: C:\Users\NKTKLN\Desktop\puzzle-rpa-hack2\Kейс1_РазнесениеВыписки1С\resource\7c44f4e2-d784-4a71-abae-116147bb2c08\robo_190.py Открытие страницы "Банковские выписки"...
2026-05-24T08:51:57+0300 INFO: C:\Users\NKTKLN\Desktop\puzzle-rpa-hack2\Kейс1_РазнесениеВыписки1С\resource\7c44f4e2-d784-4a71-abae-116147bb2c08\robo_190.py Все начальные вкладки успешно загружены
2026-05-24T08:51:57+0300 INFO: C:\Users\NKTKLN\Desktop\puzzle-rpa-hack2\Kейс1_РазнесениеВыписки1С\resource\7c44f4e2-d784-4a71-abae-116147bb2c08\robo_190.py Открытие формы для заполнения банковской выписки
2026-05-24T08:52:07+0300 INFO: C:\Users\NKTKLN\Desktop\puzzle-rpa-hack2\Kейс1_РазнесениеВыписки1С\resource\7c44f4e2-d784-4a71-abae-116147bb2c08\bot_719.py Запись результата...
2026-05-24T08:52:07+0300 INFO: C:\Users\NKTKLN\Desktop\puzzle-rpa-hack2\Kейс1_РазнесениеВыписки1С\resource\7c44f4e2-d784-4a71-abae-116147bb2c08\bot_719.py Запись успешно добавлена
2026-05-24T08:52:07+0300 ERROR: C:\Users\NKTKLN\Desktop\puzzle-rpa-hack2\Kейс1_РазнесениеВыписки1С\resource\7c44f4e2-d784-4a71-abae-116147bb2c08\bushkov_758.py Произошла ошибка в строке: 168
Описание ошибки: Ошибка загрузки страницы "Банк и касса"
2026-05-24T08:52:07+0300 INFO: C:\Users\NKTKLN\Desktop\puzzle-rpa-hack2\Kейс1_РазнесениеВыписки1С\resource\7c44f4e2-d784-4a71-abae-116147bb2c08\bushkov_758.py Начата обработка платежа: {'Дата': '2025-02-05', 'Сумма': 20000, 'Тип': 'Поступление', 'Назначение': 'Перевод с другого счета', 'ИНН_контрагента': 7799492773, 'Организация': 'Магазин №23', 'Контрагент': 'Кафе-кондитерская "Зефир"'}
2026-05-24T08:52:07+0300 INFO: C:\Users\NKTKLN\Desktop\puzzle-rpa-hack2\Kейс1_РазнесениеВыписки1С\resource\7c44f4e2-d784-4a71-abae-116147bb2c08\synth_656.py Валидация данных платежа...
2026-05-24T08:52:07+0300 INFO: C:\Users\NKTKLN\Desktop\puzzle-rpa-hack2\Kейс1_РазнесениеВыписки1С\resource\7c44f4e2-d784-4a71-abae-116147bb2c08\synth_656.py Данные корректны
2026-05-24T08:52:07+0300 INFO: C:\Users\NKTKLN\Desktop\puzzle-rpa-hack2\Kейс1_РазнесениеВыписки1С\resource\7c44f4e2-d784-4a71-abae-116147bb2c08\bushkov_758.py Определение типа операции...
2026-05-24T08:52:07+0300 INFO: C:\Users\NKTKLN\Desktop\puzzle-rpa-hack2\Kейс1_РазнесениеВыписки1С\resource\7c44f4e2-d784-4a71-abae-116147bb2c08\robo_190.py Заполнение банковской выписки...
2026-05-24T08:52:07+0300 INFO: C:\Users\NKTKLN\Desktop\puzzle-rpa-hack2\Kейс1_РазнесениеВыписки1С\resource\7c44f4e2-d784-4a71-abae-116147bb2c08\robo_190.py Открытие формы...
2026-05-24T08:52:07+0300 INFO: C:\Users\NKTKLN\Desktop\puzzle-rpa-hack2\Kейс1_РазнесениеВыписки1С\resource\7c44f4e2-d784-4a71-abae-116147bb2c08\robo_190.py Открытие страницы "Банковские выписки"...
2026-05-24T08:52:37+0300 INFO: C:\Users\NKTKLN\Desktop\puzzle-rpa-hack2\Kейс1_РазнесениеВыписки1С\resource\7c44f4e2-d784-4a71-abae-116147bb2c08\robo_190.py Все начальные вкладки успешно загружены
2026-05-24T08:52:37+0300 INFO: C:\Users\NKTKLN\Desktop\puzzle-rpa-hack2\Kейс1_РазнесениеВыписки1С\resource\7c44f4e2-d784-4a71-abae-116147bb2c08\robo_190.py Открытие формы для заполнения банковской выписки
2026-05-24T08:52:48+0300 INFO: C:\Users\NKTKLN\Desktop\puzzle-rpa-hack2\Kейс1_РазнесениеВыписки1С\resource\7c44f4e2-d784-4a71-abae-116147bb2c08\bot_719.py Запись результата...
2026-05-24T08:52:48+0300 INFO: C:\Users\NKTKLN\Desktop\puzzle-rpa-hack2\Kейс1_РазнесениеВыписки1С\resource\7c44f4e2-d784-4a71-abae-116147bb2c08\bot_719.py Запись успешно добавлена
2026-05-24T08:52:48+0300 ERROR: C:\Users\NKTKLN\Desktop\puzzle-rpa-hack2\Kейс1_РазнесениеВыписки1С\resource\7c44f4e2-d784-4a71-abae-116147bb2c08\bushkov_758.py Произошла ошибка в строке: 168
Описание ошибки: Ошибка загрузки страницы "Банк и касса"
2026-05-24T08:52:48+0300 INFO: C:\Users\NKTKLN\Desktop\puzzle-rpa-hack2\Kейс1_РазнесениеВыписки1С\resource\7c44f4e2-d784-4a71-abae-116147bb2c08\bushkov_758.py Начата обработка платежа: {'Дата': '2025-04-13', 'Сумма': 12000, 'Тип': 'Поступление', 'Назначение': 'Возврат от поставщика', 'ИНН_контрагента': 7799091002, 'Организация': 'Торговый дом "Комплексный" ООО', 'Контрагент': 'Бар Дионис'}
2026-05-24T08:52:48+0300 INFO: C:\Users\NKTKLN\Desktop\puzzle-rpa-hack2\Kейс1_РазнесениеВыписки1С\resource\7c44f4e2-d784-4a71-abae-116147bb2c08\synth_656.py Валидация данных платежа...
2026-05-24T08:52:48+0300 INFO: C:\Users\NKTKLN\Desktop\puzzle-rpa-hack2\Kейс1_РазнесениеВыписки1С\resource\7c44f4e2-d784-4a71-abae-116147bb2c08\synth_656.py Данные корректны
2026-05-24T08:52:48+0300 INFO: C:\Users\NKTKLN\Desktop\puzzle-rpa-hack2\Kейс1_РазнесениеВыписки1С\resource\7c44f4e2-d784-4a71-abae-116147bb2c08\bushkov_758.py Определение типа операции...
2026-05-24T08:52:48+0300 INFO: C:\Users\NKTKLN\Desktop\puzzle-rpa-hack2\Kейс1_РазнесениеВыписки1С\resource\7c44f4e2-d784-4a71-abae-116147bb2c08\robo_190.py Заполнение банковской выписки...
2026-05-24T08:52:48+0300 INFO: C:\Users\NKTKLN\Desktop\puzzle-rpa-hack2\Kейс1_РазнесениеВыписки1С\resource\7c44f4e2-d784-4a71-abae-116147bb2c08\robo_190.py Открытие формы...
2026-05-24T08:52:48+0300 INFO: C:\Users\NKTKLN\Desktop\puzzle-rpa-hack2\Kейс1_РазнесениеВыписки1С\resource\7c44f4e2-d784-4a71-abae-116147bb2c08\robo_190.py Открытие страницы "Банковские выписки"...
2026-05-24T08:53:18+0300 INFO: C:\Users\NKTKLN\Desktop\puzzle-rpa-hack2\Kейс1_РазнесениеВыписки1С\resource\7c44f4e2-d784-4a71-abae-116147bb2c08\robo_190.py Все начальные вкладки успешно загружены
2026-05-24T08:53:18+0300 INFO: C:\Users\NKTKLN\Desktop\puzzle-rpa-hack2\Kейс1_РазнесениеВыписки1С\resource\7c44f4e2-d784-4a71-abae-116147bb2c08\robo_190.py Открытие формы для заполнения банковской выписки
2026-05-24T08:53:29+0300 INFO: C:\Users\NKTKLN\Desktop\puzzle-rpa-hack2\Kейс1_РазнесениеВыписки1С\resource\7c44f4e2-d784-4a71-abae-116147bb2c08\bot_719.py Запись результата...
2026-05-24T08:53:29+0300 INFO: C:\Users\NKTKLN\Desktop\puzzle-rpa-hack2\Kейс1_РазнесениеВыписки1С\resource\7c44f4e2-d784-4a71-abae-116147bb2c08\bot_719.py Запись успешно добавлена
2026-05-24T08:53:29+0300 ERROR: C:\Users\NKTKLN\Desktop\puzzle-rpa-hack2\Kейс1_РазнесениеВыписки1С\resource\7c44f4e2-d784-4a71-abae-116147bb2c08\bushkov_758.py Произошла ошибка в строке: 168
Описание ошибки: Ошибка загрузки страницы "Банк и касса"
2026-05-24T08:53:29+0300 INFO: C:\Users\NKTKLN\Desktop\puzzle-rpa-hack2\Kейс1_РазнесениеВыписки1С\resource\7c44f4e2-d784-4a71-abae-116147bb2c08\bot_719.py Сохранение отчёта...
2026-05-24T08:53:29+0300 INFO: C:\Users\NKTKLN\Desktop\puzzle-rpa-hack2\Kейс1_РазнесениеВыписки1С\resource\7c44f4e2-d784-4a71-abae-116147bb2c08\bot_719.py Отчёт успешно сохранён
2026-05-24T08:53:29+0300 INFO: C:\Users\NKTKLN\Desktop\puzzle-rpa-hack2\Kейс1_РазнесениеВыписки1С\resource\7c44f4e2-d784-4a71-abae-116147bb2c08\bot_719.py Обработка банковской выписки завершена.
Всего строк: 4
Успешно: 1
Ошибок: 3
Дубликатов: 0

2026-05-24T08:53:29+0300 INFO: Завершение работы робота: C:\Users\NKTKLN\Desktop\puzzle-rpa-hack2\Kейс1_РазнесениеВыписки1С\resource\7c44f4e2-d784-4a71-abae-116147bb2c08\main.py
2026-05-24T08:53:29+0300 INFO: Завершение выполнения процесса. C:\Users\NKTKLN\Desktop\puzzle-rpa-hack2\Kейс1_РазнесениеВыписки1С\process\main.json
2026-05-24T08:54:40+0300 INFO: Запуск процесса из студии разработки. C:\Users\NKTKLN\Desktop\puzzle-rpa-hack2\Kейс1_РазнесениеВыписки1С\process\main.json
2026-05-24T08:54:41+0300 INFO: Старт робота: C:\Users\NKTKLN\Desktop\puzzle-rpa-hack2\Kейс1_РазнесениеВыписки1С\resource\a05bcf7c-45d5-49f8-8508-f391b4d8c658\node_530.py
2026-05-24T08:54:41+0300 INFO: Старт робота: C:\Users\NKTKLN\Desktop\puzzle-rpa-hack2\Kейс1_РазнесениеВыписки1С\resource\a05bcf7c-45d5-49f8-8508-f391b4d8c658\servo_940.py
2026-05-24T08:54:42+0300 INFO: Старт робота: C:\Users\NKTKLN\Desktop\puzzle-rpa-hack2\Kейс1_РазнесениеВыписки1С\resource\a05bcf7c-45d5-49f8-8508-f391b4d8c658\robo_190.py
2026-05-24T08:54:43+0300 INFO: Старт робота: C:\Users\NKTKLN\Desktop\puzzle-rpa-hack2\Kейс1_РазнесениеВыписки1С\resource\a05bcf7c-45d5-49f8-8508-f391b4d8c658\synth_656.py
2026-05-24T08:54:43+0300 INFO: Старт робота: C:\Users\NKTKLN\Desktop\puzzle-rpa-hack2\Kейс1_РазнесениеВыписки1С\resource\a05bcf7c-45d5-49f8-8508-f391b4d8c658\bot_719.py
2026-05-24T08:54:43+0300 INFO: Старт робота: C:\Users\NKTKLN\Desktop\puzzle-rpa-hack2\Kейс1_РазнесениеВыписки1С\resource\a05bcf7c-45d5-49f8-8508-f391b4d8c658\bushkov_758.py
2026-05-24T08:54:43+0300 INFO: Старт робота: C:\Users\NKTKLN\Desktop\puzzle-rpa-hack2\Kейс1_РазнесениеВыписки1С\resource\a05bcf7c-45d5-49f8-8508-f391b4d8c658\main.py
2026-05-24T08:54:43+0300 INFO: C:\Users\NKTKLN\Desktop\puzzle-rpa-hack2\Kейс1_РазнесениеВыписки1С\resource\a05bcf7c-45d5-49f8-8508-f391b4d8c658\servo_940.py Подготовка конфигурации...
2026-05-24T08:54:43+0300 INFO: C:\Users\NKTKLN\Desktop\puzzle-rpa-hack2\Kейс1_РазнесениеВыписки1С\resource\a05bcf7c-45d5-49f8-8508-f391b4d8c658\servo_940.py Чтение файла конфигурации...
2026-05-24T08:54:43+0300 INFO: C:\Users\NKTKLN\Desktop\puzzle-rpa-hack2\Kейс1_РазнесениеВыписки1С\resource\a05bcf7c-45d5-49f8-8508-f391b4d8c658\servo_940.py Файл конфигурации найден
2026-05-24T08:54:43+0300 INFO: C:\Users\NKTKLN\Desktop\puzzle-rpa-hack2\Kейс1_РазнесениеВыписки1С\resource\a05bcf7c-45d5-49f8-8508-f391b4d8c658\servo_940.py Чтение файла конфигурации успешно
2026-05-24T08:54:43+0300 INFO: C:\Users\NKTKLN\Desktop\puzzle-rpa-hack2\Kейс1_РазнесениеВыписки1С\resource\a05bcf7c-45d5-49f8-8508-f391b4d8c658\servo_940.py Подготовка и валидация конфига...
2026-05-24T08:54:43+0300 INFO: C:\Users\NKTKLN\Desktop\puzzle-rpa-hack2\Kейс1_РазнесениеВыписки1С\resource\a05bcf7c-45d5-49f8-8508-f391b4d8c658\servo_940.py Значения по умолчанию заполнены
2026-05-24T08:54:43+0300 INFO: C:\Users\NKTKLN\Desktop\puzzle-rpa-hack2\Kейс1_РазнесениеВыписки1С\resource\a05bcf7c-45d5-49f8-8508-f391b4d8c658\servo_940.py Все обязательные поля в конфиге существуют
2026-05-24T08:54:43+0300 INFO: C:\Users\NKTKLN\Desktop\puzzle-rpa-hack2\Kейс1_РазнесениеВыписки1С\resource\a05bcf7c-45d5-49f8-8508-f391b4d8c658\servo_940.py Конфиг логически корректен
2026-05-24T08:54:43+0300 INFO: C:\Users\NKTKLN\Desktop\puzzle-rpa-hack2\Kейс1_РазнесениеВыписки1С\resource\a05bcf7c-45d5-49f8-8508-f391b4d8c658\servo_940.py Конфигурация дополнена и проверена
2026-05-24T08:54:43+0300 INFO: C:\Users\NKTKLN\Desktop\puzzle-rpa-hack2\Kейс1_РазнесениеВыписки1С\resource\a05bcf7c-45d5-49f8-8508-f391b4d8c658\servo_940.py Конфигурация готова к работе
2026-05-24T08:54:43+0300 INFO: C:\Users\NKTKLN\Desktop\puzzle-rpa-hack2\Kейс1_РазнесениеВыписки1С\resource\a05bcf7c-45d5-49f8-8508-f391b4d8c658\robo_190.py Инициализация 1С...
2026-05-24T08:54:52+0300 INFO: C:\Users\NKTKLN\Desktop\puzzle-rpa-hack2\Kейс1_РазнесениеВыписки1С\resource\a05bcf7c-45d5-49f8-8508-f391b4d8c658\robo_190.py 1С запущен
2026-05-24T08:54:52+0300 INFO: C:\Users\NKTKLN\Desktop\puzzle-rpa-hack2\Kейс1_РазнесениеВыписки1С\resource\a05bcf7c-45d5-49f8-8508-f391b4d8c658\robo_190.py Вход в 1С...
2026-05-24T08:54:52+0300 INFO: C:\Users\NKTKLN\Desktop\puzzle-rpa-hack2\Kейс1_РазнесениеВыписки1С\resource\a05bcf7c-45d5-49f8-8508-f391b4d8c658\robo_190.py Отправка данных для логина...
2026-05-24T08:54:53+0300 INFO: C:\Users\NKTKLN\Desktop\puzzle-rpa-hack2\Kейс1_РазнесениеВыписки1С\resource\a05bcf7c-45d5-49f8-8508-f391b4d8c658\robo_190.py Отправка данных успешна
2026-05-24T08:55:25+0300 INFO: C:\Users\NKTKLN\Desktop\puzzle-rpa-hack2\Kейс1_РазнесениеВыписки1С\resource\a05bcf7c-45d5-49f8-8508-f391b4d8c658\robo_190.py Вход в 1С успешен
2026-05-24T08:55:25+0300 INFO: C:\Users\NKTKLN\Desktop\puzzle-rpa-hack2\Kейс1_РазнесениеВыписки1С\resource\a05bcf7c-45d5-49f8-8508-f391b4d8c658\synth_656.py Чтение файла банковской выписки...
2026-05-24T08:55:25+0300 INFO: C:\Users\NKTKLN\Desktop\puzzle-rpa-hack2\Kейс1_РазнесениеВыписки1С\resource\a05bcf7c-45d5-49f8-8508-f391b4d8c658\synth_656.py Файл банковской выписки найден
2026-05-24T08:55:25+0300 INFO: C:\Users\NKTKLN\Desktop\puzzle-rpa-hack2\Kейс1_РазнесениеВыписки1С\resource\a05bcf7c-45d5-49f8-8508-f391b4d8c658\synth_656.py Чтение банковской выписки успешно
2026-05-24T08:55:25+0300 INFO: C:\Users\NKTKLN\Desktop\puzzle-rpa-hack2\Kейс1_РазнесениеВыписки1С\resource\a05bcf7c-45d5-49f8-8508-f391b4d8c658\synth_656.py Валидация банковской выписки...
2026-05-24T08:55:25+0300 INFO: C:\Users\NKTKLN\Desktop\puzzle-rpa-hack2\Kейс1_РазнесениеВыписки1С\resource\a05bcf7c-45d5-49f8-8508-f391b4d8c658\synth_656.py Все обязательные колонки в банковской выпеске существуют
2026-05-24T08:55:25+0300 INFO: C:\Users\NKTKLN\Desktop\puzzle-rpa-hack2\Kейс1_РазнесениеВыписки1С\resource\a05bcf7c-45d5-49f8-8508-f391b4d8c658\synth_656.py Банковская выписка готова к работе
2026-05-24T08:55:25+0300 INFO: C:\Users\NKTKLN\Desktop\puzzle-rpa-hack2\Kейс1_РазнесениеВыписки1С\resource\a05bcf7c-45d5-49f8-8508-f391b4d8c658\bushkov_758.py Обработка банковских данных...
2026-05-24T08:55:25+0300 INFO: C:\Users\NKTKLN\Desktop\puzzle-rpa-hack2\Kейс1_РазнесениеВыписки1С\resource\a05bcf7c-45d5-49f8-8508-f391b4d8c658\bushkov_758.py Начата обработка платежа: {'Дата': '2025-01-03', 'Сумма': 15000, 'Тип': 'Поступление', 'Назначение': 'Оплата по счету', 'ИНН_контрагента': 7799091002, 'Организация': 'Конфетпром ООО', 'Контрагент': 'Бар Дионис'}
2026-05-24T08:55:25+0300 INFO: C:\Users\NKTKLN\Desktop\puzzle-rpa-hack2\Kейс1_РазнесениеВыписки1С\resource\a05bcf7c-45d5-49f8-8508-f391b4d8c658\synth_656.py Валидация данных платежа...
2026-05-24T08:55:25+0300 INFO: C:\Users\NKTKLN\Desktop\puzzle-rpa-hack2\Kейс1_РазнесениеВыписки1С\resource\a05bcf7c-45d5-49f8-8508-f391b4d8c658\synth_656.py Данные корректны
2026-05-24T08:55:25+0300 INFO: C:\Users\NKTKLN\Desktop\puzzle-rpa-hack2\Kейс1_РазнесениеВыписки1С\resource\a05bcf7c-45d5-49f8-8508-f391b4d8c658\bushkov_758.py Определение типа операции...
2026-05-24T08:55:25+0300 INFO: C:\Users\NKTKLN\Desktop\puzzle-rpa-hack2\Kейс1_РазнесениеВыписки1С\resource\a05bcf7c-45d5-49f8-8508-f391b4d8c658\robo_190.py Заполнение банковской выписки...
2026-05-24T08:55:25+0300 INFO: C:\Users\NKTKLN\Desktop\puzzle-rpa-hack2\Kейс1_РазнесениеВыписки1С\resource\a05bcf7c-45d5-49f8-8508-f391b4d8c658\robo_190.py Открытие формы...
2026-05-24T08:55:25+0300 INFO: C:\Users\NKTKLN\Desktop\puzzle-rpa-hack2\Kейс1_РазнесениеВыписки1С\resource\a05bcf7c-45d5-49f8-8508-f391b4d8c658\robo_190.py Открытие страницы "Банковские выписки"...
2026-05-24T08:55:31+0300 INFO: C:\Users\NKTKLN\Desktop\puzzle-rpa-hack2\Kейс1_РазнесениеВыписки1С\resource\a05bcf7c-45d5-49f8-8508-f391b4d8c658\robo_190.py Открытие формы для заполнения банковской выписки
2026-05-24T08:55:32+0300 INFO: C:\Users\NKTKLN\Desktop\puzzle-rpa-hack2\Kейс1_РазнесениеВыписки1С\resource\a05bcf7c-45d5-49f8-8508-f391b4d8c658\robo_190.py Страница успешно открыта
2026-05-24T08:55:39+0300 INFO: C:\Users\NKTKLN\Desktop\puzzle-rpa-hack2\Kейс1_РазнесениеВыписки1С\resource\a05bcf7c-45d5-49f8-8508-f391b4d8c658\robo_190.py Заполнение вормы банковской выписки...
2026-05-24T08:55:39+0300 INFO: C:\Users\NKTKLN\Desktop\puzzle-rpa-hack2\Kейс1_РазнесениеВыписки1С\resource\a05bcf7c-45d5-49f8-8508-f391b4d8c658\robo_190.py Заполнение поля: date_field
2026-05-24T08:55:46+0300 INFO: C:\Users\NKTKLN\Desktop\puzzle-rpa-hack2\Kейс1_РазнесениеВыписки1С\resource\a05bcf7c-45d5-49f8-8508-f391b4d8c658\robo_190.py Заполнение поля: purpose_field
2026-05-24T08:55:47+0300 INFO: C:\Users\NKTKLN\Desktop\puzzle-rpa-hack2\Kейс1_РазнесениеВыписки1С\resource\a05bcf7c-45d5-49f8-8508-f391b4d8c658\robo_190.py Заполнение поля: inn_field
2026-05-24T08:55:48+0300 INFO: C:\Users\NKTKLN\Desktop\puzzle-rpa-hack2\Kейс1_РазнесениеВыписки1С\resource\a05bcf7c-45d5-49f8-8508-f391b4d8c658\robo_190.py Заполнение поля: amount_field
2026-05-24T08:55:50+0300 INFO: C:\Users\NKTKLN\Desktop\puzzle-rpa-hack2\Kейс1_РазнесениеВыписки1С\resource\a05bcf7c-45d5-49f8-8508-f391b4d8c658\robo_190.py Заполнение поля: org_field
2026-05-24T08:55:54+0300 INFO: C:\Users\NKTKLN\Desktop\puzzle-rpa-hack2\Kейс1_РазнесениеВыписки1С\resource\a05bcf7c-45d5-49f8-8508-f391b4d8c658\robo_190.py Форма успешно заполнена
2026-05-24T08:55:54+0300 INFO: C:\Users\NKTKLN\Desktop\puzzle-rpa-hack2\Kейс1_РазнесениеВыписки1С\resource\a05bcf7c-45d5-49f8-8508-f391b4d8c658\bot_719.py Запись результата...
2026-05-24T08:55:54+0300 INFO: C:\Users\NKTKLN\Desktop\puzzle-rpa-hack2\Kейс1_РазнесениеВыписки1С\resource\a05bcf7c-45d5-49f8-8508-f391b4d8c658\bot_719.py Запись успешно добавлена
2026-05-24T08:55:54+0300 INFO: C:\Users\NKTKLN\Desktop\puzzle-rpa-hack2\Kейс1_РазнесениеВыписки1С\resource\a05bcf7c-45d5-49f8-8508-f391b4d8c658\bushkov_758.py Начата обработка платежа: {'Дата': '2025-01-03', 'Сумма': 30000, 'Тип': 'Поступление', 'Назначение': 'Возврат налога', 'ИНН_контрагента': 5099618931, 'Организация': 'Абрамов Г. С. ИП', 'Контрагент': 'Дом отдыха "Лесная поляна"'}
2026-05-24T08:55:54+0300 INFO: C:\Users\NKTKLN\Desktop\puzzle-rpa-hack2\Kейс1_РазнесениеВыписки1С\resource\a05bcf7c-45d5-49f8-8508-f391b4d8c658\synth_656.py Валидация данных платежа...
2026-05-24T08:55:54+0300 INFO: C:\Users\NKTKLN\Desktop\puzzle-rpa-hack2\Kейс1_РазнесениеВыписки1С\resource\a05bcf7c-45d5-49f8-8508-f391b4d8c658\synth_656.py Данные корректны
2026-05-24T08:55:54+0300 INFO: C:\Users\NKTKLN\Desktop\puzzle-rpa-hack2\Kейс1_РазнесениеВыписки1С\resource\a05bcf7c-45d5-49f8-8508-f391b4d8c658\bushkov_758.py Определение типа операции...
2026-05-24T08:55:54+0300 INFO: C:\Users\NKTKLN\Desktop\puzzle-rpa-hack2\Kейс1_РазнесениеВыписки1С\resource\a05bcf7c-45d5-49f8-8508-f391b4d8c658\robo_190.py Заполнение банковской выписки...
2026-05-24T08:55:54+0300 INFO: C:\Users\NKTKLN\Desktop\puzzle-rpa-hack2\Kейс1_РазнесениеВыписки1С\resource\a05bcf7c-45d5-49f8-8508-f391b4d8c658\robo_190.py Открытие формы...
2026-05-24T08:55:54+0300 INFO: C:\Users\NKTKLN\Desktop\puzzle-rpa-hack2\Kейс1_РазнесениеВыписки1С\resource\a05bcf7c-45d5-49f8-8508-f391b4d8c658\robo_190.py Открытие страницы "Банковские выписки"...
2026-05-24T08:56:24+0300 INFO: C:\Users\NKTKLN\Desktop\puzzle-rpa-hack2\Kейс1_РазнесениеВыписки1С\resource\a05bcf7c-45d5-49f8-8508-f391b4d8c658\robo_190.py Все начальные вкладки успешно загружены
2026-05-24T08:56:24+0300 INFO: C:\Users\NKTKLN\Desktop\puzzle-rpa-hack2\Kейс1_РазнесениеВыписки1С\resource\a05bcf7c-45d5-49f8-8508-f391b4d8c658\robo_190.py Открытие формы для заполнения банковской выписки
2026-05-24T08:56:24+0300 INFO: C:\Users\NKTKLN\Desktop\puzzle-rpa-hack2\Kейс1_РазнесениеВыписки1С\resource\a05bcf7c-45d5-49f8-8508-f391b4d8c658\robo_190.py Страница успешно открыта
2026-05-24T08:56:24+0300 INFO: C:\Users\NKTKLN\Desktop\puzzle-rpa-hack2\Kейс1_РазнесениеВыписки1С\resource\a05bcf7c-45d5-49f8-8508-f391b4d8c658\robo_190.py Заполнение вормы банковской выписки...
2026-05-24T08:56:24+0300 INFO: C:\Users\NKTKLN\Desktop\puzzle-rpa-hack2\Kейс1_РазнесениеВыписки1С\resource\a05bcf7c-45d5-49f8-8508-f391b4d8c658\robo_190.py Заполнение поля: date_field
2026-05-24T08:56:35+0300 INFO: C:\Users\NKTKLN\Desktop\puzzle-rpa-hack2\Kейс1_РазнесениеВыписки1С\resource\a05bcf7c-45d5-49f8-8508-f391b4d8c658\bot_719.py Запись результата...
2026-05-24T08:56:35+0300 INFO: C:\Users\NKTKLN\Desktop\puzzle-rpa-hack2\Kейс1_РазнесениеВыписки1С\resource\a05bcf7c-45d5-49f8-8508-f391b4d8c658\bot_719.py Запись успешно добавлена
2026-05-24T08:56:35+0300 ERROR: C:\Users\NKTKLN\Desktop\puzzle-rpa-hack2\Kейс1_РазнесениеВыписки1С\resource\a05bcf7c-45d5-49f8-8508-f391b4d8c658\bushkov_758.py Произошла ошибка в строке: 168
Описание ошибки: Элемент не найден: XPATH=//input[contains(@id, 'Дата_i0')]
2026-05-24T08:56:35+0300 INFO: C:\Users\NKTKLN\Desktop\puzzle-rpa-hack2\Kейс1_РазнесениеВыписки1С\resource\a05bcf7c-45d5-49f8-8508-f391b4d8c658\bushkov_758.py Начата обработка платежа: {'Дата': '2025-02-05', 'Сумма': 20000, 'Тип': 'Поступление', 'Назначение': 'Перевод с другого счета', 'ИНН_контрагента': 7799492773, 'Организация': 'Магазин №23', 'Контрагент': 'Кафе-кондитерская "Зефир"'}
2026-05-24T08:56:35+0300 INFO: C:\Users\NKTKLN\Desktop\puzzle-rpa-hack2\Kейс1_РазнесениеВыписки1С\resource\a05bcf7c-45d5-49f8-8508-f391b4d8c658\synth_656.py Валидация данных платежа...
2026-05-24T08:56:35+0300 INFO: C:\Users\NKTKLN\Desktop\puzzle-rpa-hack2\Kейс1_РазнесениеВыписки1С\resource\a05bcf7c-45d5-49f8-8508-f391b4d8c658\synth_656.py Данные корректны
2026-05-24T08:56:35+0300 INFO: C:\Users\NKTKLN\Desktop\puzzle-rpa-hack2\Kейс1_РазнесениеВыписки1С\resource\a05bcf7c-45d5-49f8-8508-f391b4d8c658\bushkov_758.py Определение типа операции...
2026-05-24T08:56:35+0300 INFO: C:\Users\NKTKLN\Desktop\puzzle-rpa-hack2\Kейс1_РазнесениеВыписки1С\resource\a05bcf7c-45d5-49f8-8508-f391b4d8c658\robo_190.py Заполнение банковской выписки...
2026-05-24T08:56:35+0300 INFO: C:\Users\NKTKLN\Desktop\puzzle-rpa-hack2\Kейс1_РазнесениеВыписки1С\resource\a05bcf7c-45d5-49f8-8508-f391b4d8c658\robo_190.py Открытие формы...
2026-05-24T08:56:35+0300 INFO: C:\Users\NKTKLN\Desktop\puzzle-rpa-hack2\Kейс1_РазнесениеВыписки1С\resource\a05bcf7c-45d5-49f8-8508-f391b4d8c658\robo_190.py Открытие страницы "Банковские выписки"...
2026-05-24T08:57:05+0300 INFO: C:\Users\NKTKLN\Desktop\puzzle-rpa-hack2\Kейс1_РазнесениеВыписки1С\resource\a05bcf7c-45d5-49f8-8508-f391b4d8c658\robo_190.py Все начальные вкладки успешно загружены
2026-05-24T08:57:05+0300 INFO: C:\Users\NKTKLN\Desktop\puzzle-rpa-hack2\Kейс1_РазнесениеВыписки1С\resource\a05bcf7c-45d5-49f8-8508-f391b4d8c658\robo_190.py Открытие формы для заполнения банковской выписки
2026-05-24T08:57:05+0300 INFO: C:\Users\NKTKLN\Desktop\puzzle-rpa-hack2\Kейс1_РазнесениеВыписки1С\resource\a05bcf7c-45d5-49f8-8508-f391b4d8c658\robo_190.py Страница успешно открыта
2026-05-24T08:57:05+0300 INFO: C:\Users\NKTKLN\Desktop\puzzle-rpa-hack2\Kейс1_РазнесениеВыписки1С\resource\a05bcf7c-45d5-49f8-8508-f391b4d8c658\robo_190.py Заполнение вормы банковской выписки...
2026-05-24T08:57:05+0300 INFO: C:\Users\NKTKLN\Desktop\puzzle-rpa-hack2\Kейс1_РазнесениеВыписки1С\resource\a05bcf7c-45d5-49f8-8508-f391b4d8c658\robo_190.py Заполнение поля: date_field
2026-05-24T08:57:16+0300 INFO: C:\Users\NKTKLN\Desktop\puzzle-rpa-hack2\Kейс1_РазнесениеВыписки1С\resource\a05bcf7c-45d5-49f8-8508-f391b4d8c658\bot_719.py Запись результата...
2026-05-24T08:57:16+0300 INFO: C:\Users\NKTKLN\Desktop\puzzle-rpa-hack2\Kейс1_РазнесениеВыписки1С\resource\a05bcf7c-45d5-49f8-8508-f391b4d8c658\bot_719.py Запись успешно добавлена
2026-05-24T08:57:16+0300 ERROR: C:\Users\NKTKLN\Desktop\puzzle-rpa-hack2\Kейс1_РазнесениеВыписки1С\resource\a05bcf7c-45d5-49f8-8508-f391b4d8c658\bushkov_758.py Произошла ошибка в строке: 168
Описание ошибки: Элемент не найден: XPATH=//input[contains(@id, 'Дата_i0')]
2026-05-24T08:57:16+0300 INFO: C:\Users\NKTKLN\Desktop\puzzle-rpa-hack2\Kейс1_РазнесениеВыписки1С\resource\a05bcf7c-45d5-49f8-8508-f391b4d8c658\bushkov_758.py Начата обработка платежа: {'Дата': '2025-04-13', 'Сумма': 12000, 'Тип': 'Поступление', 'Назначение': 'Возврат от поставщика', 'ИНН_контрагента': 7799091002, 'Организация': 'Торговый дом "Комплексный" ООО', 'Контрагент': 'Бар Дионис'}
2026-05-24T08:57:16+0300 INFO: C:\Users\NKTKLN\Desktop\puzzle-rpa-hack2\Kейс1_РазнесениеВыписки1С\resource\a05bcf7c-45d5-49f8-8508-f391b4d8c658\synth_656.py Валидация данных платежа...
2026-05-24T08:57:16+0300 INFO: C:\Users\NKTKLN\Desktop\puzzle-rpa-hack2\Kейс1_РазнесениеВыписки1С\resource\a05bcf7c-45d5-49f8-8508-f391b4d8c658\synth_656.py Данные корректны
2026-05-24T08:57:16+0300 INFO: C:\Users\NKTKLN\Desktop\puzzle-rpa-hack2\Kейс1_РазнесениеВыписки1С\resource\a05bcf7c-45d5-49f8-8508-f391b4d8c658\bushkov_758.py Определение типа операции...
2026-05-24T08:57:16+0300 INFO: C:\Users\NKTKLN\Desktop\puzzle-rpa-hack2\Kейс1_РазнесениеВыписки1С\resource\a05bcf7c-45d5-49f8-8508-f391b4d8c658\robo_190.py Заполнение банковской выписки...
2026-05-24T08:57:16+0300 INFO: C:\Users\NKTKLN\Desktop\puzzle-rpa-hack2\Kейс1_РазнесениеВыписки1С\resource\a05bcf7c-45d5-49f8-8508-f391b4d8c658\robo_190.py Открытие формы...
2026-05-24T08:57:16+0300 INFO: C:\Users\NKTKLN\Desktop\puzzle-rpa-hack2\Kейс1_РазнесениеВыписки1С\resource\a05bcf7c-45d5-49f8-8508-f391b4d8c658\robo_190.py Открытие страницы "Банковские выписки"...
2026-05-24T08:57:31+0300 Окно выполнения: main: ERROR:  ["Failed to get child processes: program not found"]
2026-05-24T08:57:46+0300 INFO: C:\Users\NKTKLN\Desktop\puzzle-rpa-hack2\Kейс1_РазнесениеВыписки1С\resource\a05bcf7c-45d5-49f8-8508-f391b4d8c658\robo_190.py Все начальные вкладки успешно загружены
2026-05-24T08:57:46+0300 INFO: C:\Users\NKTKLN\Desktop\puzzle-rpa-hack2\Kейс1_РазнесениеВыписки1С\resource\a05bcf7c-45d5-49f8-8508-f391b4d8c658\robo_190.py Открытие формы для заполнения банковской выписки
2026-05-24T08:57:47+0300 INFO: C:\Users\NKTKLN\Desktop\puzzle-rpa-hack2\Kейс1_РазнесениеВыписки1С\resource\a05bcf7c-45d5-49f8-8508-f391b4d8c658\robo_190.py Страница успешно открыта
2026-05-24T08:57:47+0300 INFO: C:\Users\NKTKLN\Desktop\puzzle-rpa-hack2\Kейс1_РазнесениеВыписки1С\resource\a05bcf7c-45d5-49f8-8508-f391b4d8c658\robo_190.py Заполнение вормы банковской выписки...
2026-05-24T08:57:47+0300 INFO: C:\Users\NKTKLN\Desktop\puzzle-rpa-hack2\Kейс1_РазнесениеВыписки1С\resource\a05bcf7c-45d5-49f8-8508-f391b4d8c658\robo_190.py Заполнение поля: date_field
2026-05-24T08:57:58+0300 INFO: C:\Users\NKTKLN\Desktop\puzzle-rpa-hack2\Kейс1_РазнесениеВыписки1С\resource\a05bcf7c-45d5-49f8-8508-f391b4d8c658\bot_719.py Запись результата...
2026-05-24T08:57:58+0300 INFO: C:\Users\NKTKLN\Desktop\puzzle-rpa-hack2\Kейс1_РазнесениеВыписки1С\resource\a05bcf7c-45d5-49f8-8508-f391b4d8c658\bot_719.py Запись успешно добавлена
2026-05-24T08:57:58+0300 ERROR: C:\Users\NKTKLN\Desktop\puzzle-rpa-hack2\Kейс1_РазнесениеВыписки1С\resource\a05bcf7c-45d5-49f8-8508-f391b4d8c658\bushkov_758.py Произошла ошибка в строке: 168
Описание ошибки: Элемент не найден: XPATH=//input[contains(@id, 'Дата_i0')]
2026-05-24T08:57:58+0300 INFO: C:\Users\NKTKLN\Desktop\puzzle-rpa-hack2\Kейс1_РазнесениеВыписки1С\resource\a05bcf7c-45d5-49f8-8508-f391b4d8c658\bot_719.py Сохранение отчёта...
2026-05-24T08:57:58+0300 INFO: C:\Users\NKTKLN\Desktop\puzzle-rpa-hack2\Kейс1_РазнесениеВыписки1С\resource\a05bcf7c-45d5-49f8-8508-f391b4d8c658\bot_719.py Отчёт успешно сохранён
2026-05-24T08:57:58+0300 INFO: C:\Users\NKTKLN\Desktop\puzzle-rpa-hack2\Kейс1_РазнесениеВыписки1С\resource\a05bcf7c-45d5-49f8-8508-f391b4d8c658\bot_719.py Обработка банковской выписки завершена.
Всего строк: 4
Успешно: 1
Ошибок: 3
Дубликатов: 0

2026-05-24T08:57:58+0300 INFO: Завершение работы робота: C:\Users\NKTKLN\Desktop\puzzle-rpa-hack2\Kейс1_РазнесениеВыписки1С\resource\a05bcf7c-45d5-49f8-8508-f391b4d8c658\main.py
2026-05-24T08:57:59+0300 INFO: Завершение выполнения процесса. C:\Users\NKTKLN\Desktop\puzzle-rpa-hack2\Kейс1_РазнесениеВыписки1С\process\main.json
2026-05-24T08:58:38+0300 INFO: Запуск процесса из студии разработки. C:\Users\NKTKLN\Desktop\puzzle-rpa-hack2\Kейс1_РазнесениеВыписки1С\process\main.json
2026-05-24T08:58:39+0300 INFO: Старт робота: C:\Users\NKTKLN\Desktop\puzzle-rpa-hack2\Kейс1_РазнесениеВыписки1С\resource\85e97141-ae9d-4c13-85bb-e9da3c084d5f\node_530.py
2026-05-24T08:58:39+0300 INFO: Старт робота: C:\Users\NKTKLN\Desktop\puzzle-rpa-hack2\Kейс1_РазнесениеВыписки1С\resource\85e97141-ae9d-4c13-85bb-e9da3c084d5f\servo_940.py
2026-05-24T08:58:40+0300 INFO: Старт робота: C:\Users\NKTKLN\Desktop\puzzle-rpa-hack2\Kейс1_РазнесениеВыписки1С\resource\85e97141-ae9d-4c13-85bb-e9da3c084d5f\robo_190.py
2026-05-24T08:58:42+0300 INFO: Старт робота: C:\Users\NKTKLN\Desktop\puzzle-rpa-hack2\Kейс1_РазнесениеВыписки1С\resource\85e97141-ae9d-4c13-85bb-e9da3c084d5f\synth_656.py
2026-05-24T08:58:42+0300 INFO: Старт робота: C:\Users\NKTKLN\Desktop\puzzle-rpa-hack2\Kейс1_РазнесениеВыписки1С\resource\85e97141-ae9d-4c13-85bb-e9da3c084d5f\bot_719.py
2026-05-24T08:58:42+0300 INFO: Старт робота: C:\Users\NKTKLN\Desktop\puzzle-rpa-hack2\Kейс1_РазнесениеВыписки1С\resource\85e97141-ae9d-4c13-85bb-e9da3c084d5f\bushkov_758.py
2026-05-24T08:58:42+0300 INFO: Старт робота: C:\Users\NKTKLN\Desktop\puzzle-rpa-hack2\Kейс1_РазнесениеВыписки1С\resource\85e97141-ae9d-4c13-85bb-e9da3c084d5f\main.py
2026-05-24T08:58:42+0300 INFO: C:\Users\NKTKLN\Desktop\puzzle-rpa-hack2\Kейс1_РазнесениеВыписки1С\resource\85e97141-ae9d-4c13-85bb-e9da3c084d5f\servo_940.py Подготовка конфигурации...
2026-05-24T08:58:42+0300 INFO: C:\Users\NKTKLN\Desktop\puzzle-rpa-hack2\Kейс1_РазнесениеВыписки1С\resource\85e97141-ae9d-4c13-85bb-e9da3c084d5f\servo_940.py Чтение файла конфигурации...
2026-05-24T08:58:42+0300 INFO: C:\Users\NKTKLN\Desktop\puzzle-rpa-hack2\Kейс1_РазнесениеВыписки1С\resource\85e97141-ae9d-4c13-85bb-e9da3c084d5f\servo_940.py Файл конфигурации найден
2026-05-24T08:58:42+0300 INFO: C:\Users\NKTKLN\Desktop\puzzle-rpa-hack2\Kейс1_РазнесениеВыписки1С\resource\85e97141-ae9d-4c13-85bb-e9da3c084d5f\servo_940.py Чтение файла конфигурации успешно
2026-05-24T08:58:42+0300 INFO: C:\Users\NKTKLN\Desktop\puzzle-rpa-hack2\Kейс1_РазнесениеВыписки1С\resource\85e97141-ae9d-4c13-85bb-e9da3c084d5f\servo_940.py Подготовка и валидация конфига...
2026-05-24T08:58:42+0300 INFO: C:\Users\NKTKLN\Desktop\puzzle-rpa-hack2\Kейс1_РазнесениеВыписки1С\resource\85e97141-ae9d-4c13-85bb-e9da3c084d5f\servo_940.py Значения по умолчанию заполнены
2026-05-24T08:58:42+0300 INFO: C:\Users\NKTKLN\Desktop\puzzle-rpa-hack2\Kейс1_РазнесениеВыписки1С\resource\85e97141-ae9d-4c13-85bb-e9da3c084d5f\servo_940.py Все обязательные поля в конфиге существуют
2026-05-24T08:58:42+0300 INFO: C:\Users\NKTKLN\Desktop\puzzle-rpa-hack2\Kейс1_РазнесениеВыписки1С\resource\85e97141-ae9d-4c13-85bb-e9da3c084d5f\servo_940.py Конфиг логически корректен
2026-05-24T08:58:42+0300 INFO: C:\Users\NKTKLN\Desktop\puzzle-rpa-hack2\Kейс1_РазнесениеВыписки1С\resource\85e97141-ae9d-4c13-85bb-e9da3c084d5f\servo_940.py Конфигурация дополнена и проверена
2026-05-24T08:58:42+0300 INFO: C:\Users\NKTKLN\Desktop\puzzle-rpa-hack2\Kейс1_РазнесениеВыписки1С\resource\85e97141-ae9d-4c13-85bb-e9da3c084d5f\servo_940.py Конфигурация готова к работе
2026-05-24T08:58:42+0300 INFO: C:\Users\NKTKLN\Desktop\puzzle-rpa-hack2\Kейс1_РазнесениеВыписки1С\resource\85e97141-ae9d-4c13-85bb-e9da3c084d5f\robo_190.py Инициализация 1С...
2026-05-24T08:58:50+0300 INFO: C:\Users\NKTKLN\Desktop\puzzle-rpa-hack2\Kейс1_РазнесениеВыписки1С\resource\85e97141-ae9d-4c13-85bb-e9da3c084d5f\robo_190.py 1С запущен
2026-05-24T08:58:50+0300 INFO: C:\Users\NKTKLN\Desktop\puzzle-rpa-hack2\Kейс1_РазнесениеВыписки1С\resource\85e97141-ae9d-4c13-85bb-e9da3c084d5f\robo_190.py Вход в 1С...
2026-05-24T08:58:50+0300 INFO: C:\Users\NKTKLN\Desktop\puzzle-rpa-hack2\Kейс1_РазнесениеВыписки1С\resource\85e97141-ae9d-4c13-85bb-e9da3c084d5f\robo_190.py Отправка данных для логина...
2026-05-24T08:58:51+0300 INFO: C:\Users\NKTKLN\Desktop\puzzle-rpa-hack2\Kейс1_РазнесениеВыписки1С\resource\85e97141-ae9d-4c13-85bb-e9da3c084d5f\robo_190.py Отправка данных успешна
2026-05-24T08:59:24+0300 INFO: C:\Users\NKTKLN\Desktop\puzzle-rpa-hack2\Kейс1_РазнесениеВыписки1С\resource\85e97141-ae9d-4c13-85bb-e9da3c084d5f\robo_190.py Вход в 1С успешен
2026-05-24T08:59:24+0300 INFO: C:\Users\NKTKLN\Desktop\puzzle-rpa-hack2\Kейс1_РазнесениеВыписки1С\resource\85e97141-ae9d-4c13-85bb-e9da3c084d5f\synth_656.py Чтение файла банковской выписки...
2026-05-24T08:59:24+0300 INFO: C:\Users\NKTKLN\Desktop\puzzle-rpa-hack2\Kейс1_РазнесениеВыписки1С\resource\85e97141-ae9d-4c13-85bb-e9da3c084d5f\synth_656.py Файл банковской выписки найден
2026-05-24T08:59:24+0300 INFO: C:\Users\NKTKLN\Desktop\puzzle-rpa-hack2\Kейс1_РазнесениеВыписки1С\resource\85e97141-ae9d-4c13-85bb-e9da3c084d5f\synth_656.py Чтение банковской выписки успешно
2026-05-24T08:59:24+0300 INFO: C:\Users\NKTKLN\Desktop\puzzle-rpa-hack2\Kейс1_РазнесениеВыписки1С\resource\85e97141-ae9d-4c13-85bb-e9da3c084d5f\synth_656.py Валидация банковской выписки...
2026-05-24T08:59:24+0300 INFO: C:\Users\NKTKLN\Desktop\puzzle-rpa-hack2\Kейс1_РазнесениеВыписки1С\resource\85e97141-ae9d-4c13-85bb-e9da3c084d5f\synth_656.py Все обязательные колонки в банковской выпеске существуют
2026-05-24T08:59:24+0300 INFO: C:\Users\NKTKLN\Desktop\puzzle-rpa-hack2\Kейс1_РазнесениеВыписки1С\resource\85e97141-ae9d-4c13-85bb-e9da3c084d5f\synth_656.py Банковская выписка готова к работе
2026-05-24T08:59:24+0300 INFO: C:\Users\NKTKLN\Desktop\puzzle-rpa-hack2\Kейс1_РазнесениеВыписки1С\resource\85e97141-ae9d-4c13-85bb-e9da3c084d5f\bushkov_758.py Обработка банковских данных...
2026-05-24T08:59:24+0300 INFO: C:\Users\NKTKLN\Desktop\puzzle-rpa-hack2\Kейс1_РазнесениеВыписки1С\resource\85e97141-ae9d-4c13-85bb-e9da3c084d5f\robo_190.py Открытие страницы "Банковские выписки"...
2026-05-24T08:59:30+0300 INFO: C:\Users\NKTKLN\Desktop\puzzle-rpa-hack2\Kейс1_РазнесениеВыписки1С\resource\85e97141-ae9d-4c13-85bb-e9da3c084d5f\robo_190.py Открытие формы для заполнения банковской выписки
2026-05-24T08:59:31+0300 INFO: C:\Users\NKTKLN\Desktop\puzzle-rpa-hack2\Kейс1_РазнесениеВыписки1С\resource\85e97141-ae9d-4c13-85bb-e9da3c084d5f\robo_190.py Страница успешно открыта
2026-05-24T08:59:31+0300 INFO: C:\Users\NKTKLN\Desktop\puzzle-rpa-hack2\Kейс1_РазнесениеВыписки1С\resource\85e97141-ae9d-4c13-85bb-e9da3c084d5f\bushkov_758.py Начата обработка платежа: {'Дата': '2025-01-03', 'Сумма': 15000, 'Тип': 'Поступление', 'Назначение': 'Оплата по счету', 'ИНН_контрагента': 7799091002, 'Организация': 'Конфетпром ООО', 'Контрагент': 'Бар Дионис'}
2026-05-24T08:59:31+0300 INFO: C:\Users\NKTKLN\Desktop\puzzle-rpa-hack2\Kейс1_РазнесениеВыписки1С\resource\85e97141-ae9d-4c13-85bb-e9da3c084d5f\synth_656.py Валидация данных платежа...
2026-05-24T08:59:31+0300 INFO: C:\Users\NKTKLN\Desktop\puzzle-rpa-hack2\Kейс1_РазнесениеВыписки1С\resource\85e97141-ae9d-4c13-85bb-e9da3c084d5f\synth_656.py Данные корректны
2026-05-24T08:59:31+0300 INFO: C:\Users\NKTKLN\Desktop\puzzle-rpa-hack2\Kейс1_РазнесениеВыписки1С\resource\85e97141-ae9d-4c13-85bb-e9da3c084d5f\bushkov_758.py Определение типа операции...
2026-05-24T08:59:31+0300 INFO: C:\Users\NKTKLN\Desktop\puzzle-rpa-hack2\Kейс1_РазнесениеВыписки1С\resource\85e97141-ae9d-4c13-85bb-e9da3c084d5f\robo_190.py Заполнение банковской выписки...
2026-05-24T08:59:31+0300 INFO: C:\Users\NKTKLN\Desktop\puzzle-rpa-hack2\Kейс1_РазнесениеВыписки1С\resource\85e97141-ae9d-4c13-85bb-e9da3c084d5f\robo_190.py Открытие формы...
2026-05-24T08:59:38+0300 INFO: C:\Users\NKTKLN\Desktop\puzzle-rpa-hack2\Kейс1_РазнесениеВыписки1С\resource\85e97141-ae9d-4c13-85bb-e9da3c084d5f\robo_190.py Заполнение вормы банковской выписки...
2026-05-24T08:59:38+0300 INFO: C:\Users\NKTKLN\Desktop\puzzle-rpa-hack2\Kейс1_РазнесениеВыписки1С\resource\85e97141-ae9d-4c13-85bb-e9da3c084d5f\robo_190.py Заполнение поля: date_field
2026-05-24T08:59:46+0300 INFO: C:\Users\NKTKLN\Desktop\puzzle-rpa-hack2\Kейс1_РазнесениеВыписки1С\resource\85e97141-ae9d-4c13-85bb-e9da3c084d5f\robo_190.py Заполнение поля: purpose_field
2026-05-24T08:59:47+0300 INFO: C:\Users\NKTKLN\Desktop\puzzle-rpa-hack2\Kейс1_РазнесениеВыписки1С\resource\85e97141-ae9d-4c13-85bb-e9da3c084d5f\robo_190.py Заполнение поля: inn_field
2026-05-24T08:59:48+0300 INFO: C:\Users\NKTKLN\Desktop\puzzle-rpa-hack2\Kейс1_РазнесениеВыписки1С\resource\85e97141-ae9d-4c13-85bb-e9da3c084d5f\robo_190.py Заполнение поля: amount_field
2026-05-24T08:59:50+0300 INFO: C:\Users\NKTKLN\Desktop\puzzle-rpa-hack2\Kейс1_РазнесениеВыписки1С\resource\85e97141-ae9d-4c13-85bb-e9da3c084d5f\robo_190.py Заполнение поля: org_field
2026-05-24T08:59:53+0300 INFO: C:\Users\NKTKLN\Desktop\puzzle-rpa-hack2\Kейс1_РазнесениеВыписки1С\resource\85e97141-ae9d-4c13-85bb-e9da3c084d5f\robo_190.py Форма успешно заполнена
2026-05-24T08:59:54+0300 INFO: C:\Users\NKTKLN\Desktop\puzzle-rpa-hack2\Kейс1_РазнесениеВыписки1С\resource\85e97141-ae9d-4c13-85bb-e9da3c084d5f\bot_719.py Запись результата...
2026-05-24T08:59:54+0300 INFO: C:\Users\NKTKLN\Desktop\puzzle-rpa-hack2\Kейс1_РазнесениеВыписки1С\resource\85e97141-ae9d-4c13-85bb-e9da3c084d5f\bot_719.py Запись успешно добавлена
2026-05-24T08:59:54+0300 INFO: C:\Users\NKTKLN\Desktop\puzzle-rpa-hack2\Kейс1_РазнесениеВыписки1С\resource\85e97141-ae9d-4c13-85bb-e9da3c084d5f\bushkov_758.py Начата обработка платежа: {'Дата': '2025-01-03', 'Сумма': 30000, 'Тип': 'Поступление', 'Назначение': 'Возврат налога', 'ИНН_контрагента': 5099618931, 'Организация': 'Абрамов Г. С. ИП', 'Контрагент': 'Дом отдыха "Лесная поляна"'}
2026-05-24T08:59:54+0300 INFO: C:\Users\NKTKLN\Desktop\puzzle-rpa-hack2\Kейс1_РазнесениеВыписки1С\resource\85e97141-ae9d-4c13-85bb-e9da3c084d5f\synth_656.py Валидация данных платежа...
2026-05-24T08:59:54+0300 INFO: C:\Users\NKTKLN\Desktop\puzzle-rpa-hack2\Kейс1_РазнесениеВыписки1С\resource\85e97141-ae9d-4c13-85bb-e9da3c084d5f\synth_656.py Данные корректны
2026-05-24T08:59:54+0300 INFO: C:\Users\NKTKLN\Desktop\puzzle-rpa-hack2\Kейс1_РазнесениеВыписки1С\resource\85e97141-ae9d-4c13-85bb-e9da3c084d5f\bushkov_758.py Определение типа операции...
2026-05-24T08:59:54+0300 INFO: C:\Users\NKTKLN\Desktop\puzzle-rpa-hack2\Kейс1_РазнесениеВыписки1С\resource\85e97141-ae9d-4c13-85bb-e9da3c084d5f\robo_190.py Заполнение банковской выписки...
2026-05-24T08:59:54+0300 INFO: C:\Users\NKTKLN\Desktop\puzzle-rpa-hack2\Kейс1_РазнесениеВыписки1С\resource\85e97141-ae9d-4c13-85bb-e9da3c084d5f\robo_190.py Открытие формы...
2026-05-24T08:59:54+0300 INFO: C:\Users\NKTKLN\Desktop\puzzle-rpa-hack2\Kейс1_РазнесениеВыписки1С\resource\85e97141-ae9d-4c13-85bb-e9da3c084d5f\bot_719.py Запись результата...
2026-05-24T08:59:54+0300 INFO: C:\Users\NKTKLN\Desktop\puzzle-rpa-hack2\Kейс1_РазнесениеВыписки1С\resource\85e97141-ae9d-4c13-85bb-e9da3c084d5f\bot_719.py Запись успешно добавлена
2026-05-24T08:59:54+0300 ERROR: C:\Users\NKTKLN\Desktop\puzzle-rpa-hack2\Kейс1_РазнесениеВыписки1С\resource\85e97141-ae9d-4c13-85bb-e9da3c084d5f\bushkov_758.py Произошла ошибка в строке: 173
Описание ошибки: The element is not visible
2026-05-24T08:59:54+0300 INFO: C:\Users\NKTKLN\Desktop\puzzle-rpa-hack2\Kейс1_РазнесениеВыписки1С\resource\85e97141-ae9d-4c13-85bb-e9da3c084d5f\bushkov_758.py Начата обработка платежа: {'Дата': '2025-02-05', 'Сумма': 20000, 'Тип': 'Поступление', 'Назначение': 'Перевод с другого счета', 'ИНН_контрагента': 7799492773, 'Организация': 'Магазин №23', 'Контрагент': 'Кафе-кондитерская "Зефир"'}
2026-05-24T08:59:54+0300 INFO: C:\Users\NKTKLN\Desktop\puzzle-rpa-hack2\Kейс1_РазнесениеВыписки1С\resource\85e97141-ae9d-4c13-85bb-e9da3c084d5f\synth_656.py Валидация данных платежа...
2026-05-24T08:59:54+0300 INFO: C:\Users\NKTKLN\Desktop\puzzle-rpa-hack2\Kейс1_РазнесениеВыписки1С\resource\85e97141-ae9d-4c13-85bb-e9da3c084d5f\synth_656.py Данные корректны
2026-05-24T08:59:54+0300 INFO: C:\Users\NKTKLN\Desktop\puzzle-rpa-hack2\Kейс1_РазнесениеВыписки1С\resource\85e97141-ae9d-4c13-85bb-e9da3c084d5f\bushkov_758.py Определение типа операции...
2026-05-24T08:59:54+0300 INFO: C:\Users\NKTKLN\Desktop\puzzle-rpa-hack2\Kейс1_РазнесениеВыписки1С\resource\85e97141-ae9d-4c13-85bb-e9da3c084d5f\robo_190.py Заполнение банковской выписки...
2026-05-24T08:59:54+0300 INFO: C:\Users\NKTKLN\Desktop\puzzle-rpa-hack2\Kейс1_РазнесениеВыписки1С\resource\85e97141-ae9d-4c13-85bb-e9da3c084d5f\robo_190.py Открытие формы...
2026-05-24T08:59:54+0300 INFO: C:\Users\NKTKLN\Desktop\puzzle-rpa-hack2\Kейс1_РазнесениеВыписки1С\resource\85e97141-ae9d-4c13-85bb-e9da3c084d5f\bot_719.py Запись результата...
2026-05-24T08:59:54+0300 INFO: C:\Users\NKTKLN\Desktop\puzzle-rpa-hack2\Kейс1_РазнесениеВыписки1С\resource\85e97141-ae9d-4c13-85bb-e9da3c084d5f\bot_719.py Запись успешно добавлена
2026-05-24T08:59:54+0300 ERROR: C:\Users\NKTKLN\Desktop\puzzle-rpa-hack2\Kейс1_РазнесениеВыписки1С\resource\85e97141-ae9d-4c13-85bb-e9da3c084d5f\bushkov_758.py Произошла ошибка в строке: 173
Описание ошибки: The element is not visible
2026-05-24T08:59:54+0300 INFO: C:\Users\NKTKLN\Desktop\puzzle-rpa-hack2\Kейс1_РазнесениеВыписки1С\resource\85e97141-ae9d-4c13-85bb-e9da3c084d5f\bushkov_758.py Начата обработка платежа: {'Дата': '2025-04-13', 'Сумма': 12000, 'Тип': 'Поступление', 'Назначение': 'Возврат от поставщика', 'ИНН_контрагента': 7799091002, 'Организация': 'Торговый дом "Комплексный" ООО', 'Контрагент': 'Бар Дионис'}
2026-05-24T08:59:54+0300 INFO: C:\Users\NKTKLN\Desktop\puzzle-rpa-hack2\Kейс1_РазнесениеВыписки1С\resource\85e97141-ae9d-4c13-85bb-e9da3c084d5f\synth_656.py Валидация данных платежа...
2026-05-24T08:59:54+0300 INFO: C:\Users\NKTKLN\Desktop\puzzle-rpa-hack2\Kейс1_РазнесениеВыписки1С\resource\85e97141-ae9d-4c13-85bb-e9da3c084d5f\synth_656.py Данные корректны
2026-05-24T08:59:54+0300 INFO: C:\Users\NKTKLN\Desktop\puzzle-rpa-hack2\Kейс1_РазнесениеВыписки1С\resource\85e97141-ae9d-4c13-85bb-e9da3c084d5f\bushkov_758.py Определение типа операции...
2026-05-24T08:59:54+0300 INFO: C:\Users\NKTKLN\Desktop\puzzle-rpa-hack2\Kейс1_РазнесениеВыписки1С\resource\85e97141-ae9d-4c13-85bb-e9da3c084d5f\robo_190.py Заполнение банковской выписки...
2026-05-24T08:59:54+0300 INFO: C:\Users\NKTKLN\Desktop\puzzle-rpa-hack2\Kейс1_РазнесениеВыписки1С\resource\85e97141-ae9d-4c13-85bb-e9da3c084d5f\robo_190.py Открытие формы...
2026-05-24T08:59:54+0300 INFO: C:\Users\NKTKLN\Desktop\puzzle-rpa-hack2\Kейс1_РазнесениеВыписки1С\resource\85e97141-ae9d-4c13-85bb-e9da3c084d5f\bot_719.py Запись результата...
2026-05-24T08:59:54+0300 INFO: C:\Users\NKTKLN\Desktop\puzzle-rpa-hack2\Kейс1_РазнесениеВыписки1С\resource\85e97141-ae9d-4c13-85bb-e9da3c084d5f\bot_719.py Запись успешно добавлена
2026-05-24T08:59:54+0300 ERROR: C:\Users\NKTKLN\Desktop\puzzle-rpa-hack2\Kейс1_РазнесениеВыписки1С\resource\85e97141-ae9d-4c13-85bb-e9da3c084d5f\bushkov_758.py Произошла ошибка в строке: 173
Описание ошибки: The element is not visible
2026-05-24T08:59:54+0300 INFO: C:\Users\NKTKLN\Desktop\puzzle-rpa-hack2\Kейс1_РазнесениеВыписки1С\resource\85e97141-ae9d-4c13-85bb-e9da3c084d5f\bot_719.py Сохранение отчёта...
2026-05-24T08:59:54+0300 INFO: C:\Users\NKTKLN\Desktop\puzzle-rpa-hack2\Kейс1_РазнесениеВыписки1С\resource\85e97141-ae9d-4c13-85bb-e9da3c084d5f\bot_719.py Отчёт успешно сохранён
2026-05-24T08:59:54+0300 INFO: C:\Users\NKTKLN\Desktop\puzzle-rpa-hack2\Kейс1_РазнесениеВыписки1С\resource\85e97141-ae9d-4c13-85bb-e9da3c084d5f\bot_719.py Обработка банковской выписки завершена.
Всего строк: 4
Успешно: 1
Ошибок: 3
Дубликатов: 0

2026-05-24T08:59:54+0300 INFO: Завершение работы робота: C:\Users\NKTKLN\Desktop\puzzle-rpa-hack2\Kейс1_РазнесениеВыписки1С\resource\85e97141-ae9d-4c13-85bb-e9da3c084d5f\main.py
2026-05-24T08:59:54+0300 INFO: Завершение выполнения процесса. C:\Users\NKTKLN\Desktop\puzzle-rpa-hack2\Kейс1_РазнесениеВыписки1С\process\main.json
2026-05-24T09:00:59+0300 INFO: Запуск процесса из студии разработки. C:\Users\NKTKLN\Desktop\puzzle-rpa-hack2\Kейс1_РазнесениеВыписки1С\process\main.json
2026-05-24T09:01:00+0300 INFO: Старт робота: C:\Users\NKTKLN\Desktop\puzzle-rpa-hack2\Kейс1_РазнесениеВыписки1С\resource\73a544b4-42ac-4530-b7d0-d519025abd00\node_530.py
2026-05-24T09:01:00+0300 INFO: Старт робота: C:\Users\NKTKLN\Desktop\puzzle-rpa-hack2\Kейс1_РазнесениеВыписки1С\resource\73a544b4-42ac-4530-b7d0-d519025abd00\servo_940.py
2026-05-24T09:01:02+0300 INFO: Старт робота: C:\Users\NKTKLN\Desktop\puzzle-rpa-hack2\Kейс1_РазнесениеВыписки1С\resource\73a544b4-42ac-4530-b7d0-d519025abd00\robo_190.py
2026-05-24T09:01:03+0300 INFO: Старт робота: C:\Users\NKTKLN\Desktop\puzzle-rpa-hack2\Kейс1_РазнесениеВыписки1С\resource\73a544b4-42ac-4530-b7d0-d519025abd00\synth_656.py
2026-05-24T09:01:03+0300 INFO: Старт робота: C:\Users\NKTKLN\Desktop\puzzle-rpa-hack2\Kейс1_РазнесениеВыписки1С\resource\73a544b4-42ac-4530-b7d0-d519025abd00\bot_719.py
2026-05-24T09:01:03+0300 INFO: Старт робота: C:\Users\NKTKLN\Desktop\puzzle-rpa-hack2\Kейс1_РазнесениеВыписки1С\resource\73a544b4-42ac-4530-b7d0-d519025abd00\bushkov_758.py
2026-05-24T09:01:03+0300 INFO: Старт робота: C:\Users\NKTKLN\Desktop\puzzle-rpa-hack2\Kейс1_РазнесениеВыписки1С\resource\73a544b4-42ac-4530-b7d0-d519025abd00\main.py
2026-05-24T09:01:03+0300 INFO: C:\Users\NKTKLN\Desktop\puzzle-rpa-hack2\Kейс1_РазнесениеВыписки1С\resource\73a544b4-42ac-4530-b7d0-d519025abd00\servo_940.py Подготовка конфигурации...
2026-05-24T09:01:03+0300 INFO: C:\Users\NKTKLN\Desktop\puzzle-rpa-hack2\Kейс1_РазнесениеВыписки1С\resource\73a544b4-42ac-4530-b7d0-d519025abd00\servo_940.py Чтение файла конфигурации...
2026-05-24T09:01:03+0300 INFO: C:\Users\NKTKLN\Desktop\puzzle-rpa-hack2\Kейс1_РазнесениеВыписки1С\resource\73a544b4-42ac-4530-b7d0-d519025abd00\servo_940.py Файл конфигурации найден
2026-05-24T09:01:03+0300 INFO: C:\Users\NKTKLN\Desktop\puzzle-rpa-hack2\Kейс1_РазнесениеВыписки1С\resource\73a544b4-42ac-4530-b7d0-d519025abd00\servo_940.py Чтение файла конфигурации успешно
2026-05-24T09:01:03+0300 INFO: C:\Users\NKTKLN\Desktop\puzzle-rpa-hack2\Kейс1_РазнесениеВыписки1С\resource\73a544b4-42ac-4530-b7d0-d519025abd00\servo_940.py Подготовка и валидация конфига...
2026-05-24T09:01:03+0300 INFO: C:\Users\NKTKLN\Desktop\puzzle-rpa-hack2\Kейс1_РазнесениеВыписки1С\resource\73a544b4-42ac-4530-b7d0-d519025abd00\servo_940.py Значения по умолчанию заполнены
2026-05-24T09:01:03+0300 INFO: C:\Users\NKTKLN\Desktop\puzzle-rpa-hack2\Kейс1_РазнесениеВыписки1С\resource\73a544b4-42ac-4530-b7d0-d519025abd00\servo_940.py Все обязательные поля в конфиге существуют
2026-05-24T09:01:03+0300 INFO: C:\Users\NKTKLN\Desktop\puzzle-rpa-hack2\Kейс1_РазнесениеВыписки1С\resource\73a544b4-42ac-4530-b7d0-d519025abd00\servo_940.py Конфиг логически корректен
2026-05-24T09:01:03+0300 INFO: C:\Users\NKTKLN\Desktop\puzzle-rpa-hack2\Kейс1_РазнесениеВыписки1С\resource\73a544b4-42ac-4530-b7d0-d519025abd00\servo_940.py Конфигурация дополнена и проверена
2026-05-24T09:01:03+0300 INFO: C:\Users\NKTKLN\Desktop\puzzle-rpa-hack2\Kейс1_РазнесениеВыписки1С\resource\73a544b4-42ac-4530-b7d0-d519025abd00\servo_940.py Конфигурация готова к работе
2026-05-24T09:01:03+0300 INFO: C:\Users\NKTKLN\Desktop\puzzle-rpa-hack2\Kейс1_РазнесениеВыписки1С\resource\73a544b4-42ac-4530-b7d0-d519025abd00\robo_190.py Инициализация 1С...
2026-05-24T09:01:13+0300 INFO: C:\Users\NKTKLN\Desktop\puzzle-rpa-hack2\Kейс1_РазнесениеВыписки1С\resource\73a544b4-42ac-4530-b7d0-d519025abd00\robo_190.py 1С запущен
2026-05-24T09:01:13+0300 INFO: C:\Users\NKTKLN\Desktop\puzzle-rpa-hack2\Kейс1_РазнесениеВыписки1С\resource\73a544b4-42ac-4530-b7d0-d519025abd00\robo_190.py Вход в 1С...
2026-05-24T09:01:13+0300 INFO: C:\Users\NKTKLN\Desktop\puzzle-rpa-hack2\Kейс1_РазнесениеВыписки1С\resource\73a544b4-42ac-4530-b7d0-d519025abd00\robo_190.py Отправка данных для логина...
2026-05-24T09:01:14+0300 INFO: C:\Users\NKTKLN\Desktop\puzzle-rpa-hack2\Kейс1_РазнесениеВыписки1С\resource\73a544b4-42ac-4530-b7d0-d519025abd00\robo_190.py Отправка данных успешна
2026-05-24T09:01:45+0300 INFO: C:\Users\NKTKLN\Desktop\puzzle-rpa-hack2\Kейс1_РазнесениеВыписки1С\resource\73a544b4-42ac-4530-b7d0-d519025abd00\robo_190.py Вход в 1С успешен
2026-05-24T09:01:45+0300 INFO: C:\Users\NKTKLN\Desktop\puzzle-rpa-hack2\Kейс1_РазнесениеВыписки1С\resource\73a544b4-42ac-4530-b7d0-d519025abd00\synth_656.py Чтение файла банковской выписки...
2026-05-24T09:01:45+0300 INFO: C:\Users\NKTKLN\Desktop\puzzle-rpa-hack2\Kейс1_РазнесениеВыписки1С\resource\73a544b4-42ac-4530-b7d0-d519025abd00\synth_656.py Файл банковской выписки найден
2026-05-24T09:01:46+0300 INFO: C:\Users\NKTKLN\Desktop\puzzle-rpa-hack2\Kейс1_РазнесениеВыписки1С\resource\73a544b4-42ac-4530-b7d0-d519025abd00\synth_656.py Чтение банковской выписки успешно
2026-05-24T09:01:46+0300 INFO: C:\Users\NKTKLN\Desktop\puzzle-rpa-hack2\Kейс1_РазнесениеВыписки1С\resource\73a544b4-42ac-4530-b7d0-d519025abd00\synth_656.py Валидация банковской выписки...
2026-05-24T09:01:46+0300 INFO: C:\Users\NKTKLN\Desktop\puzzle-rpa-hack2\Kейс1_РазнесениеВыписки1С\resource\73a544b4-42ac-4530-b7d0-d519025abd00\synth_656.py Все обязательные колонки в банковской выпеске существуют
2026-05-24T09:01:46+0300 INFO: C:\Users\NKTKLN\Desktop\puzzle-rpa-hack2\Kейс1_РазнесениеВыписки1С\resource\73a544b4-42ac-4530-b7d0-d519025abd00\synth_656.py Банковская выписка готова к работе
2026-05-24T09:01:46+0300 INFO: C:\Users\NKTKLN\Desktop\puzzle-rpa-hack2\Kейс1_РазнесениеВыписки1С\resource\73a544b4-42ac-4530-b7d0-d519025abd00\bushkov_758.py Обработка банковских данных...
2026-05-24T09:01:46+0300 INFO: C:\Users\NKTKLN\Desktop\puzzle-rpa-hack2\Kейс1_РазнесениеВыписки1С\resource\73a544b4-42ac-4530-b7d0-d519025abd00\robo_190.py Открытие страницы "Банковские выписки"...
2026-05-24T09:01:51+0300 INFO: C:\Users\NKTKLN\Desktop\puzzle-rpa-hack2\Kейс1_РазнесениеВыписки1С\resource\73a544b4-42ac-4530-b7d0-d519025abd00\robo_190.py Открытие формы для заполнения банковской выписки
2026-05-24T09:01:52+0300 INFO: C:\Users\NKTKLN\Desktop\puzzle-rpa-hack2\Kейс1_РазнесениеВыписки1С\resource\73a544b4-42ac-4530-b7d0-d519025abd00\robo_190.py Страница успешно открыта
2026-05-24T09:01:52+0300 INFO: C:\Users\NKTKLN\Desktop\puzzle-rpa-hack2\Kейс1_РазнесениеВыписки1С\resource\73a544b4-42ac-4530-b7d0-d519025abd00\bushkov_758.py Начата обработка платежа: {'Дата': '2025-01-03', 'Сумма': 15000, 'Тип': 'Поступление', 'Назначение': 'Оплата по счету', 'ИНН_контрагента': 7799091002, 'Организация': 'Конфетпром ООО', 'Контрагент': 'Бар Дионис'}
2026-05-24T09:01:52+0300 INFO: C:\Users\NKTKLN\Desktop\puzzle-rpa-hack2\Kейс1_РазнесениеВыписки1С\resource\73a544b4-42ac-4530-b7d0-d519025abd00\synth_656.py Валидация данных платежа...
2026-05-24T09:01:52+0300 INFO: C:\Users\NKTKLN\Desktop\puzzle-rpa-hack2\Kейс1_РазнесениеВыписки1С\resource\73a544b4-42ac-4530-b7d0-d519025abd00\synth_656.py Данные корректны
2026-05-24T09:01:52+0300 INFO: C:\Users\NKTKLN\Desktop\puzzle-rpa-hack2\Kейс1_РазнесениеВыписки1С\resource\73a544b4-42ac-4530-b7d0-d519025abd00\bushkov_758.py Определение типа операции...
2026-05-24T09:01:52+0300 INFO: C:\Users\NKTKLN\Desktop\puzzle-rpa-hack2\Kейс1_РазнесениеВыписки1С\resource\73a544b4-42ac-4530-b7d0-d519025abd00\robo_190.py Заполнение банковской выписки...
2026-05-24T09:01:52+0300 INFO: C:\Users\NKTKLN\Desktop\puzzle-rpa-hack2\Kейс1_РазнесениеВыписки1С\resource\73a544b4-42ac-4530-b7d0-d519025abd00\robo_190.py Открытие формы...
2026-05-24T09:01:59+0300 INFO: C:\Users\NKTKLN\Desktop\puzzle-rpa-hack2\Kейс1_РазнесениеВыписки1С\resource\73a544b4-42ac-4530-b7d0-d519025abd00\robo_190.py Заполнение вормы банковской выписки...
2026-05-24T09:01:59+0300 INFO: C:\Users\NKTKLN\Desktop\puzzle-rpa-hack2\Kейс1_РазнесениеВыписки1С\resource\73a544b4-42ac-4530-b7d0-d519025abd00\robo_190.py Заполнение поля: date_field
2026-05-24T09:02:07+0300 INFO: C:\Users\NKTKLN\Desktop\puzzle-rpa-hack2\Kейс1_РазнесениеВыписки1С\resource\73a544b4-42ac-4530-b7d0-d519025abd00\robo_190.py Заполнение поля: purpose_field
2026-05-24T09:02:08+0300 INFO: C:\Users\NKTKLN\Desktop\puzzle-rpa-hack2\Kейс1_РазнесениеВыписки1С\resource\73a544b4-42ac-4530-b7d0-d519025abd00\robo_190.py Заполнение поля: inn_field
2026-05-24T09:02:09+0300 INFO: C:\Users\NKTKLN\Desktop\puzzle-rpa-hack2\Kейс1_РазнесениеВыписки1С\resource\73a544b4-42ac-4530-b7d0-d519025abd00\robo_190.py Заполнение поля: amount_field
2026-05-24T09:02:11+0300 INFO: C:\Users\NKTKLN\Desktop\puzzle-rpa-hack2\Kейс1_РазнесениеВыписки1С\resource\73a544b4-42ac-4530-b7d0-d519025abd00\robo_190.py Заполнение поля: org_field
2026-05-24T09:02:13+0300 INFO: C:\Users\NKTKLN\Desktop\puzzle-rpa-hack2\Kейс1_РазнесениеВыписки1С\resource\73a544b4-42ac-4530-b7d0-d519025abd00\robo_190.py Форма успешно заполнена
2026-05-24T09:02:44+0300 INFO: C:\Users\NKTKLN\Desktop\puzzle-rpa-hack2\Kейс1_РазнесениеВыписки1С\resource\73a544b4-42ac-4530-b7d0-d519025abd00\bot_719.py Запись результата...
2026-05-24T09:02:44+0300 INFO: C:\Users\NKTKLN\Desktop\puzzle-rpa-hack2\Kейс1_РазнесениеВыписки1С\resource\73a544b4-42ac-4530-b7d0-d519025abd00\bot_719.py Запись успешно добавлена
2026-05-24T09:02:44+0300 ERROR: C:\Users\NKTKLN\Desktop\puzzle-rpa-hack2\Kейс1_РазнесениеВыписки1С\resource\73a544b4-42ac-4530-b7d0-d519025abd00\bushkov_758.py Произошла ошибка в строке: 173
Описание ошибки: Ошибка загрузки страницы "Банк и касса"
2026-05-24T09:02:44+0300 INFO: C:\Users\NKTKLN\Desktop\puzzle-rpa-hack2\Kейс1_РазнесениеВыписки1С\resource\73a544b4-42ac-4530-b7d0-d519025abd00\bushkov_758.py Начата обработка платежа: {'Дата': '2025-01-03', 'Сумма': 30000, 'Тип': 'Поступление', 'Назначение': 'Возврат налога', 'ИНН_контрагента': 5099618931, 'Организация': 'Абрамов Г. С. ИП', 'Контрагент': 'Дом отдыха "Лесная поляна"'}
2026-05-24T09:02:44+0300 INFO: C:\Users\NKTKLN\Desktop\puzzle-rpa-hack2\Kейс1_РазнесениеВыписки1С\resource\73a544b4-42ac-4530-b7d0-d519025abd00\synth_656.py Валидация данных платежа...
2026-05-24T09:02:44+0300 INFO: C:\Users\NKTKLN\Desktop\puzzle-rpa-hack2\Kейс1_РазнесениеВыписки1С\resource\73a544b4-42ac-4530-b7d0-d519025abd00\synth_656.py Данные корректны
2026-05-24T09:02:44+0300 INFO: C:\Users\NKTKLN\Desktop\puzzle-rpa-hack2\Kейс1_РазнесениеВыписки1С\resource\73a544b4-42ac-4530-b7d0-d519025abd00\bushkov_758.py Определение типа операции...
2026-05-24T09:02:44+0300 INFO: C:\Users\NKTKLN\Desktop\puzzle-rpa-hack2\Kейс1_РазнесениеВыписки1С\resource\73a544b4-42ac-4530-b7d0-d519025abd00\robo_190.py Заполнение банковской выписки...
2026-05-24T09:02:44+0300 INFO: C:\Users\NKTKLN\Desktop\puzzle-rpa-hack2\Kейс1_РазнесениеВыписки1С\resource\73a544b4-42ac-4530-b7d0-d519025abd00\robo_190.py Открытие формы...
2026-05-24T09:02:44+0300 INFO: C:\Users\NKTKLN\Desktop\puzzle-rpa-hack2\Kейс1_РазнесениеВыписки1С\resource\73a544b4-42ac-4530-b7d0-d519025abd00\robo_190.py Заполнение вормы банковской выписки...
2026-05-24T09:02:44+0300 INFO: C:\Users\NKTKLN\Desktop\puzzle-rpa-hack2\Kейс1_РазнесениеВыписки1С\resource\73a544b4-42ac-4530-b7d0-d519025abd00\robo_190.py Заполнение поля: date_field
2026-05-24T09:02:50+0300 INFO: C:\Users\NKTKLN\Desktop\puzzle-rpa-hack2\Kейс1_РазнесениеВыписки1С\resource\73a544b4-42ac-4530-b7d0-d519025abd00\robo_190.py Заполнение поля: purpose_field
2026-05-24T09:02:51+0300 INFO: C:\Users\NKTKLN\Desktop\puzzle-rpa-hack2\Kейс1_РазнесениеВыписки1С\resource\73a544b4-42ac-4530-b7d0-d519025abd00\robo_190.py Заполнение поля: inn_field
2026-05-24T09:02:53+0300 INFO: C:\Users\NKTKLN\Desktop\puzzle-rpa-hack2\Kейс1_РазнесениеВыписки1С\resource\73a544b4-42ac-4530-b7d0-d519025abd00\robo_190.py Заполнение поля: amount_field
2026-05-24T09:02:54+0300 INFO: C:\Users\NKTKLN\Desktop\puzzle-rpa-hack2\Kейс1_РазнесениеВыписки1С\resource\73a544b4-42ac-4530-b7d0-d519025abd00\robo_190.py Заполнение поля: org_field
2026-05-24T09:03:06+0300 INFO: C:\Users\NKTKLN\Desktop\puzzle-rpa-hack2\Kейс1_РазнесениеВыписки1С\resource\73a544b4-42ac-4530-b7d0-d519025abd00\bot_719.py Запись результата...
2026-05-24T09:03:06+0300 INFO: C:\Users\NKTKLN\Desktop\puzzle-rpa-hack2\Kейс1_РазнесениеВыписки1С\resource\73a544b4-42ac-4530-b7d0-d519025abd00\bot_719.py Запись успешно добавлена
2026-05-24T09:03:06+0300 ERROR: C:\Users\NKTKLN\Desktop\puzzle-rpa-hack2\Kейс1_РазнесениеВыписки1С\resource\73a544b4-42ac-4530-b7d0-d519025abd00\bushkov_758.py Произошла ошибка в строке: 173
Описание ошибки: Элемент не найден: XPATH=//input[@id='form7_Организация_i0']
2026-05-24T09:03:06+0300 INFO: C:\Users\NKTKLN\Desktop\puzzle-rpa-hack2\Kейс1_РазнесениеВыписки1С\resource\73a544b4-42ac-4530-b7d0-d519025abd00\bushkov_758.py Начата обработка платежа: {'Дата': '2025-02-05', 'Сумма': 20000, 'Тип': 'Поступление', 'Назначение': 'Перевод с другого счета', 'ИНН_контрагента': 7799492773, 'Организация': 'Магазин №23', 'Контрагент': 'Кафе-кондитерская "Зефир"'}
2026-05-24T09:03:06+0300 INFO: C:\Users\NKTKLN\Desktop\puzzle-rpa-hack2\Kейс1_РазнесениеВыписки1С\resource\73a544b4-42ac-4530-b7d0-d519025abd00\synth_656.py Валидация данных платежа...
2026-05-24T09:03:06+0300 INFO: C:\Users\NKTKLN\Desktop\puzzle-rpa-hack2\Kейс1_РазнесениеВыписки1С\resource\73a544b4-42ac-4530-b7d0-d519025abd00\synth_656.py Данные корректны
2026-05-24T09:03:06+0300 INFO: C:\Users\NKTKLN\Desktop\puzzle-rpa-hack2\Kейс1_РазнесениеВыписки1С\resource\73a544b4-42ac-4530-b7d0-d519025abd00\bushkov_758.py Определение типа операции...
2026-05-24T09:03:06+0300 INFO: C:\Users\NKTKLN\Desktop\puzzle-rpa-hack2\Kейс1_РазнесениеВыписки1С\resource\73a544b4-42ac-4530-b7d0-d519025abd00\robo_190.py Заполнение банковской выписки...
2026-05-24T09:03:06+0300 INFO: C:\Users\NKTKLN\Desktop\puzzle-rpa-hack2\Kейс1_РазнесениеВыписки1С\resource\73a544b4-42ac-4530-b7d0-d519025abd00\robo_190.py Открытие формы...
2026-05-24T09:03:06+0300 INFO: C:\Users\NKTKLN\Desktop\puzzle-rpa-hack2\Kейс1_РазнесениеВыписки1С\resource\73a544b4-42ac-4530-b7d0-d519025abd00\bot_719.py Запись результата...
2026-05-24T09:03:06+0300 INFO: C:\Users\NKTKLN\Desktop\puzzle-rpa-hack2\Kейс1_РазнесениеВыписки1С\resource\73a544b4-42ac-4530-b7d0-d519025abd00\bot_719.py Запись успешно добавлена
2026-05-24T09:03:06+0300 ERROR: C:\Users\NKTKLN\Desktop\puzzle-rpa-hack2\Kейс1_РазнесениеВыписки1С\resource\73a544b4-42ac-4530-b7d0-d519025abd00\bushkov_758.py Произошла ошибка в строке: 173
Описание ошибки: The element is not visible
2026-05-24T09:03:06+0300 INFO: C:\Users\NKTKLN\Desktop\puzzle-rpa-hack2\Kейс1_РазнесениеВыписки1С\resource\73a544b4-42ac-4530-b7d0-d519025abd00\bushkov_758.py Начата обработка платежа: {'Дата': '2025-04-13', 'Сумма': 12000, 'Тип': 'Поступление', 'Назначение': 'Возврат от поставщика', 'ИНН_контрагента': 7799091002, 'Организация': 'Торговый дом "Комплексный" ООО', 'Контрагент': 'Бар Дионис'}
2026-05-24T09:03:06+0300 INFO: C:\Users\NKTKLN\Desktop\puzzle-rpa-hack2\Kейс1_РазнесениеВыписки1С\resource\73a544b4-42ac-4530-b7d0-d519025abd00\synth_656.py Валидация данных платежа...
2026-05-24T09:03:06+0300 INFO: C:\Users\NKTKLN\Desktop\puzzle-rpa-hack2\Kейс1_РазнесениеВыписки1С\resource\73a544b4-42ac-4530-b7d0-d519025abd00\synth_656.py Данные корректны
2026-05-24T09:03:06+0300 INFO: C:\Users\NKTKLN\Desktop\puzzle-rpa-hack2\Kейс1_РазнесениеВыписки1С\resource\73a544b4-42ac-4530-b7d0-d519025abd00\bushkov_758.py Определение типа операции...
2026-05-24T09:03:06+0300 INFO: C:\Users\NKTKLN\Desktop\puzzle-rpa-hack2\Kейс1_РазнесениеВыписки1С\resource\73a544b4-42ac-4530-b7d0-d519025abd00\robo_190.py Заполнение банковской выписки...
2026-05-24T09:03:06+0300 INFO: C:\Users\NKTKLN\Desktop\puzzle-rpa-hack2\Kейс1_РазнесениеВыписки1С\resource\73a544b4-42ac-4530-b7d0-d519025abd00\robo_190.py Открытие формы...
2026-05-24T09:03:06+0300 INFO: C:\Users\NKTKLN\Desktop\puzzle-rpa-hack2\Kейс1_РазнесениеВыписки1С\resource\73a544b4-42ac-4530-b7d0-d519025abd00\bot_719.py Запись результата...
2026-05-24T09:03:06+0300 INFO: C:\Users\NKTKLN\Desktop\puzzle-rpa-hack2\Kейс1_РазнесениеВыписки1С\resource\73a544b4-42ac-4530-b7d0-d519025abd00\bot_719.py Запись успешно добавлена
2026-05-24T09:03:06+0300 ERROR: C:\Users\NKTKLN\Desktop\puzzle-rpa-hack2\Kейс1_РазнесениеВыписки1С\resource\73a544b4-42ac-4530-b7d0-d519025abd00\bushkov_758.py Произошла ошибка в строке: 173
Описание ошибки: The element is not visible
2026-05-24T09:03:06+0300 INFO: C:\Users\NKTKLN\Desktop\puzzle-rpa-hack2\Kейс1_РазнесениеВыписки1С\resource\73a544b4-42ac-4530-b7d0-d519025abd00\bot_719.py Сохранение отчёта...
2026-05-24T09:03:06+0300 INFO: C:\Users\NKTKLN\Desktop\puzzle-rpa-hack2\Kейс1_РазнесениеВыписки1С\resource\73a544b4-42ac-4530-b7d0-d519025abd00\bot_719.py Отчёт успешно сохранён
2026-05-24T09:03:06+0300 INFO: C:\Users\NKTKLN\Desktop\puzzle-rpa-hack2\Kейс1_РазнесениеВыписки1С\resource\73a544b4-42ac-4530-b7d0-d519025abd00\bot_719.py Обработка банковской выписки завершена.
Всего строк: 4
Успешно: 0
Ошибок: 4
Дубликатов: 0

2026-05-24T09:03:06+0300 INFO: Завершение работы робота: C:\Users\NKTKLN\Desktop\puzzle-rpa-hack2\Kейс1_РазнесениеВыписки1С\resource\73a544b4-42ac-4530-b7d0-d519025abd00\main.py
2026-05-24T09:03:06+0300 INFO: Завершение выполнения процесса. C:\Users\NKTKLN\Desktop\puzzle-rpa-hack2\Kейс1_РазнесениеВыписки1С\process\main.json
2026-05-24T09:04:46+0300 INFO: Запуск процесса из студии разработки. C:\Users\NKTKLN\Desktop\puzzle-rpa-hack2\Kейс1_РазнесениеВыписки1С\process\main.json
2026-05-24T09:04:47+0300 INFO: Старт робота: C:\Users\NKTKLN\Desktop\puzzle-rpa-hack2\Kейс1_РазнесениеВыписки1С\resource\b0e6f2b0-054a-4fb5-9528-57ac8563eb65\node_530.py
2026-05-24T09:04:47+0300 INFO: Старт робота: C:\Users\NKTKLN\Desktop\puzzle-rpa-hack2\Kейс1_РазнесениеВыписки1С\resource\b0e6f2b0-054a-4fb5-9528-57ac8563eb65\servo_940.py
2026-05-24T09:04:48+0300 INFO: Старт робота: C:\Users\NKTKLN\Desktop\puzzle-rpa-hack2\Kейс1_РазнесениеВыписки1С\resource\b0e6f2b0-054a-4fb5-9528-57ac8563eb65\robo_190.py
2026-05-24T09:04:49+0300 INFO: Старт робота: C:\Users\NKTKLN\Desktop\puzzle-rpa-hack2\Kейс1_РазнесениеВыписки1С\resource\b0e6f2b0-054a-4fb5-9528-57ac8563eb65\synth_656.py
2026-05-24T09:04:49+0300 INFO: Старт робота: C:\Users\NKTKLN\Desktop\puzzle-rpa-hack2\Kейс1_РазнесениеВыписки1С\resource\b0e6f2b0-054a-4fb5-9528-57ac8563eb65\bot_719.py
2026-05-24T09:04:49+0300 INFO: Старт робота: C:\Users\NKTKLN\Desktop\puzzle-rpa-hack2\Kейс1_РазнесениеВыписки1С\resource\b0e6f2b0-054a-4fb5-9528-57ac8563eb65\bushkov_758.py
2026-05-24T09:04:49+0300 INFO: Старт робота: C:\Users\NKTKLN\Desktop\puzzle-rpa-hack2\Kейс1_РазнесениеВыписки1С\resource\b0e6f2b0-054a-4fb5-9528-57ac8563eb65\main.py
2026-05-24T09:04:49+0300 INFO: C:\Users\NKTKLN\Desktop\puzzle-rpa-hack2\Kейс1_РазнесениеВыписки1С\resource\b0e6f2b0-054a-4fb5-9528-57ac8563eb65\servo_940.py Подготовка конфигурации...
2026-05-24T09:04:49+0300 INFO: C:\Users\NKTKLN\Desktop\puzzle-rpa-hack2\Kейс1_РазнесениеВыписки1С\resource\b0e6f2b0-054a-4fb5-9528-57ac8563eb65\servo_940.py Чтение файла конфигурации...
2026-05-24T09:04:49+0300 INFO: C:\Users\NKTKLN\Desktop\puzzle-rpa-hack2\Kейс1_РазнесениеВыписки1С\resource\b0e6f2b0-054a-4fb5-9528-57ac8563eb65\servo_940.py Файл конфигурации найден
2026-05-24T09:04:49+0300 INFO: C:\Users\NKTKLN\Desktop\puzzle-rpa-hack2\Kейс1_РазнесениеВыписки1С\resource\b0e6f2b0-054a-4fb5-9528-57ac8563eb65\servo_940.py Чтение файла конфигурации успешно
2026-05-24T09:04:49+0300 INFO: C:\Users\NKTKLN\Desktop\puzzle-rpa-hack2\Kейс1_РазнесениеВыписки1С\resource\b0e6f2b0-054a-4fb5-9528-57ac8563eb65\servo_940.py Подготовка и валидация конфига...
2026-05-24T09:04:49+0300 INFO: C:\Users\NKTKLN\Desktop\puzzle-rpa-hack2\Kейс1_РазнесениеВыписки1С\resource\b0e6f2b0-054a-4fb5-9528-57ac8563eb65\servo_940.py Значения по умолчанию заполнены
2026-05-24T09:04:49+0300 INFO: C:\Users\NKTKLN\Desktop\puzzle-rpa-hack2\Kейс1_РазнесениеВыписки1С\resource\b0e6f2b0-054a-4fb5-9528-57ac8563eb65\servo_940.py Все обязательные поля в конфиге существуют
2026-05-24T09:04:49+0300 INFO: C:\Users\NKTKLN\Desktop\puzzle-rpa-hack2\Kейс1_РазнесениеВыписки1С\resource\b0e6f2b0-054a-4fb5-9528-57ac8563eb65\servo_940.py Конфиг логически корректен
2026-05-24T09:04:49+0300 INFO: C:\Users\NKTKLN\Desktop\puzzle-rpa-hack2\Kейс1_РазнесениеВыписки1С\resource\b0e6f2b0-054a-4fb5-9528-57ac8563eb65\servo_940.py Конфигурация дополнена и проверена
2026-05-24T09:04:49+0300 INFO: C:\Users\NKTKLN\Desktop\puzzle-rpa-hack2\Kейс1_РазнесениеВыписки1С\resource\b0e6f2b0-054a-4fb5-9528-57ac8563eb65\servo_940.py Конфигурация готова к работе
2026-05-24T09:04:49+0300 INFO: C:\Users\NKTKLN\Desktop\puzzle-rpa-hack2\Kейс1_РазнесениеВыписки1С\resource\b0e6f2b0-054a-4fb5-9528-57ac8563eb65\robo_190.py Инициализация 1С...
2026-05-24T09:04:59+0300 INFO: C:\Users\NKTKLN\Desktop\puzzle-rpa-hack2\Kейс1_РазнесениеВыписки1С\resource\b0e6f2b0-054a-4fb5-9528-57ac8563eb65\robo_190.py 1С запущен
2026-05-24T09:04:59+0300 INFO: C:\Users\NKTKLN\Desktop\puzzle-rpa-hack2\Kейс1_РазнесениеВыписки1С\resource\b0e6f2b0-054a-4fb5-9528-57ac8563eb65\robo_190.py Вход в 1С...
2026-05-24T09:04:59+0300 INFO: C:\Users\NKTKLN\Desktop\puzzle-rpa-hack2\Kейс1_РазнесениеВыписки1С\resource\b0e6f2b0-054a-4fb5-9528-57ac8563eb65\robo_190.py Отправка данных для логина...
2026-05-24T09:05:00+0300 INFO: C:\Users\NKTKLN\Desktop\puzzle-rpa-hack2\Kейс1_РазнесениеВыписки1С\resource\b0e6f2b0-054a-4fb5-9528-57ac8563eb65\robo_190.py Отправка данных успешна
2026-05-24T09:05:32+0300 INFO: C:\Users\NKTKLN\Desktop\puzzle-rpa-hack2\Kейс1_РазнесениеВыписки1С\resource\b0e6f2b0-054a-4fb5-9528-57ac8563eb65\robo_190.py Вход в 1С успешен
2026-05-24T09:05:32+0300 INFO: C:\Users\NKTKLN\Desktop\puzzle-rpa-hack2\Kейс1_РазнесениеВыписки1С\resource\b0e6f2b0-054a-4fb5-9528-57ac8563eb65\synth_656.py Чтение файла банковской выписки...
2026-05-24T09:05:32+0300 INFO: C:\Users\NKTKLN\Desktop\puzzle-rpa-hack2\Kейс1_РазнесениеВыписки1С\resource\b0e6f2b0-054a-4fb5-9528-57ac8563eb65\synth_656.py Файл банковской выписки найден
2026-05-24T09:05:32+0300 INFO: C:\Users\NKTKLN\Desktop\puzzle-rpa-hack2\Kейс1_РазнесениеВыписки1С\resource\b0e6f2b0-054a-4fb5-9528-57ac8563eb65\synth_656.py Чтение банковской выписки успешно
2026-05-24T09:05:32+0300 INFO: C:\Users\NKTKLN\Desktop\puzzle-rpa-hack2\Kейс1_РазнесениеВыписки1С\resource\b0e6f2b0-054a-4fb5-9528-57ac8563eb65\synth_656.py Валидация банковской выписки...
2026-05-24T09:05:32+0300 INFO: C:\Users\NKTKLN\Desktop\puzzle-rpa-hack2\Kейс1_РазнесениеВыписки1С\resource\b0e6f2b0-054a-4fb5-9528-57ac8563eb65\synth_656.py Все обязательные колонки в банковской выпеске существуют
2026-05-24T09:05:32+0300 INFO: C:\Users\NKTKLN\Desktop\puzzle-rpa-hack2\Kейс1_РазнесениеВыписки1С\resource\b0e6f2b0-054a-4fb5-9528-57ac8563eb65\synth_656.py Банковская выписка готова к работе
2026-05-24T09:05:32+0300 INFO: C:\Users\NKTKLN\Desktop\puzzle-rpa-hack2\Kейс1_РазнесениеВыписки1С\resource\b0e6f2b0-054a-4fb5-9528-57ac8563eb65\bushkov_758.py Обработка банковских данных...
2026-05-24T09:05:32+0300 INFO: C:\Users\NKTKLN\Desktop\puzzle-rpa-hack2\Kейс1_РазнесениеВыписки1С\resource\b0e6f2b0-054a-4fb5-9528-57ac8563eb65\robo_190.py Открытие страницы "Банковские выписки"...
2026-05-24T09:05:38+0300 INFO: C:\Users\NKTKLN\Desktop\puzzle-rpa-hack2\Kейс1_РазнесениеВыписки1С\resource\b0e6f2b0-054a-4fb5-9528-57ac8563eb65\robo_190.py Открытие формы для заполнения банковской выписки
2026-05-24T09:05:39+0300 INFO: C:\Users\NKTKLN\Desktop\puzzle-rpa-hack2\Kейс1_РазнесениеВыписки1С\resource\b0e6f2b0-054a-4fb5-9528-57ac8563eb65\robo_190.py Страница успешно открыта
2026-05-24T09:05:39+0300 INFO: C:\Users\NKTKLN\Desktop\puzzle-rpa-hack2\Kейс1_РазнесениеВыписки1С\resource\b0e6f2b0-054a-4fb5-9528-57ac8563eb65\bushkov_758.py Начата обработка платежа: {'Дата': '2025-01-03', 'Сумма': 15000, 'Тип': 'Поступление', 'Назначение': 'Оплата по счету', 'ИНН_контрагента': 7799091002, 'Организация': 'Конфетпром ООО', 'Контрагент': 'Бар Дионис'}
2026-05-24T09:05:39+0300 INFO: C:\Users\NKTKLN\Desktop\puzzle-rpa-hack2\Kейс1_РазнесениеВыписки1С\resource\b0e6f2b0-054a-4fb5-9528-57ac8563eb65\synth_656.py Валидация данных платежа...
2026-05-24T09:05:39+0300 INFO: C:\Users\NKTKLN\Desktop\puzzle-rpa-hack2\Kейс1_РазнесениеВыписки1С\resource\b0e6f2b0-054a-4fb5-9528-57ac8563eb65\synth_656.py Данные корректны
2026-05-24T09:05:39+0300 INFO: C:\Users\NKTKLN\Desktop\puzzle-rpa-hack2\Kейс1_РазнесениеВыписки1С\resource\b0e6f2b0-054a-4fb5-9528-57ac8563eb65\bushkov_758.py Определение типа операции...
2026-05-24T09:05:39+0300 INFO: C:\Users\NKTKLN\Desktop\puzzle-rpa-hack2\Kейс1_РазнесениеВыписки1С\resource\b0e6f2b0-054a-4fb5-9528-57ac8563eb65\robo_190.py Заполнение банковской выписки...
2026-05-24T09:05:39+0300 INFO: C:\Users\NKTKLN\Desktop\puzzle-rpa-hack2\Kейс1_РазнесениеВыписки1С\resource\b0e6f2b0-054a-4fb5-9528-57ac8563eb65\robo_190.py Открытие формы...
2026-05-24T09:05:46+0300 INFO: C:\Users\NKTKLN\Desktop\puzzle-rpa-hack2\Kейс1_РазнесениеВыписки1С\resource\b0e6f2b0-054a-4fb5-9528-57ac8563eb65\robo_190.py Заполнение вормы банковской выписки...
2026-05-24T09:05:46+0300 INFO: C:\Users\NKTKLN\Desktop\puzzle-rpa-hack2\Kейс1_РазнесениеВыписки1С\resource\b0e6f2b0-054a-4fb5-9528-57ac8563eb65\robo_190.py Заполнение поля: date_field
2026-05-24T09:05:54+0300 INFO: C:\Users\NKTKLN\Desktop\puzzle-rpa-hack2\Kейс1_РазнесениеВыписки1С\resource\b0e6f2b0-054a-4fb5-9528-57ac8563eb65\robo_190.py Заполнение поля: purpose_field
2026-05-24T09:05:55+0300 INFO: C:\Users\NKTKLN\Desktop\puzzle-rpa-hack2\Kейс1_РазнесениеВыписки1С\resource\b0e6f2b0-054a-4fb5-9528-57ac8563eb65\robo_190.py Заполнение поля: inn_field
2026-05-24T09:05:57+0300 INFO: C:\Users\NKTKLN\Desktop\puzzle-rpa-hack2\Kейс1_РазнесениеВыписки1С\resource\b0e6f2b0-054a-4fb5-9528-57ac8563eb65\robo_190.py Заполнение поля: amount_field
2026-05-24T09:05:58+0300 INFO: C:\Users\NKTKLN\Desktop\puzzle-rpa-hack2\Kейс1_РазнесениеВыписки1С\resource\b0e6f2b0-054a-4fb5-9528-57ac8563eb65\robo_190.py Заполнение поля: org_field
2026-05-24T09:06:01+0300 INFO: C:\Users\NKTKLN\Desktop\puzzle-rpa-hack2\Kейс1_РазнесениеВыписки1С\resource\b0e6f2b0-054a-4fb5-9528-57ac8563eb65\robo_190.py Форма успешно заполнена
2026-05-24T09:06:03+0300 INFO: C:\Users\NKTKLN\Desktop\puzzle-rpa-hack2\Kейс1_РазнесениеВыписки1С\resource\b0e6f2b0-054a-4fb5-9528-57ac8563eb65\bot_719.py Запись результата...
2026-05-24T09:06:03+0300 INFO: C:\Users\NKTKLN\Desktop\puzzle-rpa-hack2\Kейс1_РазнесениеВыписки1С\resource\b0e6f2b0-054a-4fb5-9528-57ac8563eb65\bot_719.py Запись успешно добавлена
2026-05-24T09:06:03+0300 INFO: C:\Users\NKTKLN\Desktop\puzzle-rpa-hack2\Kейс1_РазнесениеВыписки1С\resource\b0e6f2b0-054a-4fb5-9528-57ac8563eb65\bushkov_758.py Начата обработка платежа: {'Дата': '2025-01-03', 'Сумма': 30000, 'Тип': 'Поступление', 'Назначение': 'Возврат налога', 'ИНН_контрагента': 5099618931, 'Организация': 'Абрамов Г. С. ИП', 'Контрагент': 'Дом отдыха "Лесная поляна"'}
2026-05-24T09:06:03+0300 INFO: C:\Users\NKTKLN\Desktop\puzzle-rpa-hack2\Kейс1_РазнесениеВыписки1С\resource\b0e6f2b0-054a-4fb5-9528-57ac8563eb65\synth_656.py Валидация данных платежа...
2026-05-24T09:06:03+0300 INFO: C:\Users\NKTKLN\Desktop\puzzle-rpa-hack2\Kейс1_РазнесениеВыписки1С\resource\b0e6f2b0-054a-4fb5-9528-57ac8563eb65\synth_656.py Данные корректны
2026-05-24T09:06:03+0300 INFO: C:\Users\NKTKLN\Desktop\puzzle-rpa-hack2\Kейс1_РазнесениеВыписки1С\resource\b0e6f2b0-054a-4fb5-9528-57ac8563eb65\bushkov_758.py Определение типа операции...
2026-05-24T09:06:03+0300 INFO: C:\Users\NKTKLN\Desktop\puzzle-rpa-hack2\Kейс1_РазнесениеВыписки1С\resource\b0e6f2b0-054a-4fb5-9528-57ac8563eb65\robo_190.py Заполнение банковской выписки...
2026-05-24T09:06:03+0300 INFO: C:\Users\NKTKLN\Desktop\puzzle-rpa-hack2\Kейс1_РазнесениеВыписки1С\resource\b0e6f2b0-054a-4fb5-9528-57ac8563eb65\robo_190.py Открытие формы...
2026-05-24T09:06:04+0300 INFO: C:\Users\NKTKLN\Desktop\puzzle-rpa-hack2\Kейс1_РазнесениеВыписки1С\resource\b0e6f2b0-054a-4fb5-9528-57ac8563eb65\robo_190.py Заполнение вормы банковской выписки...
2026-05-24T09:06:04+0300 INFO: C:\Users\NKTKLN\Desktop\puzzle-rpa-hack2\Kейс1_РазнесениеВыписки1С\resource\b0e6f2b0-054a-4fb5-9528-57ac8563eb65\robo_190.py Заполнение поля: date_field
2026-05-24T09:06:08+0300 INFO: C:\Users\NKTKLN\Desktop\puzzle-rpa-hack2\Kейс1_РазнесениеВыписки1С\resource\b0e6f2b0-054a-4fb5-9528-57ac8563eb65\robo_190.py Заполнение поля: purpose_field
2026-05-24T09:06:09+0300 INFO: C:\Users\NKTKLN\Desktop\puzzle-rpa-hack2\Kейс1_РазнесениеВыписки1С\resource\b0e6f2b0-054a-4fb5-9528-57ac8563eb65\robo_190.py Заполнение поля: inn_field
2026-05-24T09:06:11+0300 INFO: C:\Users\NKTKLN\Desktop\puzzle-rpa-hack2\Kейс1_РазнесениеВыписки1С\resource\b0e6f2b0-054a-4fb5-9528-57ac8563eb65\robo_190.py Заполнение поля: amount_field
2026-05-24T09:06:12+0300 INFO: C:\Users\NKTKLN\Desktop\puzzle-rpa-hack2\Kейс1_РазнесениеВыписки1С\resource\b0e6f2b0-054a-4fb5-9528-57ac8563eb65\robo_190.py Заполнение поля: org_field
2026-05-24T09:06:22+0300 INFO: C:\Users\NKTKLN\Desktop\puzzle-rpa-hack2\Kейс1_РазнесениеВыписки1С\resource\b0e6f2b0-054a-4fb5-9528-57ac8563eb65\bot_719.py Запись результата...
2026-05-24T09:06:22+0300 INFO: C:\Users\NKTKLN\Desktop\puzzle-rpa-hack2\Kейс1_РазнесениеВыписки1С\resource\b0e6f2b0-054a-4fb5-9528-57ac8563eb65\bot_719.py Запись успешно добавлена
2026-05-24T09:06:22+0300 ERROR: C:\Users\NKTKLN\Desktop\puzzle-rpa-hack2\Kейс1_РазнесениеВыписки1С\resource\b0e6f2b0-054a-4fb5-9528-57ac8563eb65\bushkov_758.py Произошла ошибка в строке: 173
Описание ошибки: Элемент не найден: XPATH=//input[@id='form7_Организация_i0']
2026-05-24T09:06:22+0300 INFO: C:\Users\NKTKLN\Desktop\puzzle-rpa-hack2\Kейс1_РазнесениеВыписки1С\resource\b0e6f2b0-054a-4fb5-9528-57ac8563eb65\bushkov_758.py Начата обработка платежа: {'Дата': '2025-02-05', 'Сумма': 20000, 'Тип': 'Поступление', 'Назначение': 'Перевод с другого счета', 'ИНН_контрагента': 7799492773, 'Организация': 'Магазин №23', 'Контрагент': 'Кафе-кондитерская "Зефир"'}
2026-05-24T09:06:22+0300 INFO: C:\Users\NKTKLN\Desktop\puzzle-rpa-hack2\Kейс1_РазнесениеВыписки1С\resource\b0e6f2b0-054a-4fb5-9528-57ac8563eb65\synth_656.py Валидация данных платежа...
2026-05-24T09:06:22+0300 INFO: C:\Users\NKTKLN\Desktop\puzzle-rpa-hack2\Kейс1_РазнесениеВыписки1С\resource\b0e6f2b0-054a-4fb5-9528-57ac8563eb65\synth_656.py Данные корректны
2026-05-24T09:06:22+0300 INFO: C:\Users\NKTKLN\Desktop\puzzle-rpa-hack2\Kейс1_РазнесениеВыписки1С\resource\b0e6f2b0-054a-4fb5-9528-57ac8563eb65\bushkov_758.py Определение типа операции...
2026-05-24T09:06:22+0300 INFO: C:\Users\NKTKLN\Desktop\puzzle-rpa-hack2\Kейс1_РазнесениеВыписки1С\resource\b0e6f2b0-054a-4fb5-9528-57ac8563eb65\robo_190.py Заполнение банковской выписки...
2026-05-24T09:06:22+0300 INFO: C:\Users\NKTKLN\Desktop\puzzle-rpa-hack2\Kейс1_РазнесениеВыписки1С\resource\b0e6f2b0-054a-4fb5-9528-57ac8563eb65\robo_190.py Открытие формы...
2026-05-24T09:06:22+0300 INFO: C:\Users\NKTKLN\Desktop\puzzle-rpa-hack2\Kейс1_РазнесениеВыписки1С\resource\b0e6f2b0-054a-4fb5-9528-57ac8563eb65\bot_719.py Запись результата...
2026-05-24T09:06:22+0300 INFO: C:\Users\NKTKLN\Desktop\puzzle-rpa-hack2\Kейс1_РазнесениеВыписки1С\resource\b0e6f2b0-054a-4fb5-9528-57ac8563eb65\bot_719.py Запись успешно добавлена
2026-05-24T09:06:22+0300 ERROR: C:\Users\NKTKLN\Desktop\puzzle-rpa-hack2\Kейс1_РазнесениеВыписки1С\resource\b0e6f2b0-054a-4fb5-9528-57ac8563eb65\bushkov_758.py Произошла ошибка в строке: 173
Описание ошибки: The element is not visible
2026-05-24T09:06:22+0300 INFO: C:\Users\NKTKLN\Desktop\puzzle-rpa-hack2\Kейс1_РазнесениеВыписки1С\resource\b0e6f2b0-054a-4fb5-9528-57ac8563eb65\bushkov_758.py Начата обработка платежа: {'Дата': '2025-04-13', 'Сумма': 12000, 'Тип': 'Поступление', 'Назначение': 'Возврат от поставщика', 'ИНН_контрагента': 7799091002, 'Организация': 'Торговый дом "Комплексный" ООО', 'Контрагент': 'Бар Дионис'}
2026-05-24T09:06:22+0300 INFO: C:\Users\NKTKLN\Desktop\puzzle-rpa-hack2\Kейс1_РазнесениеВыписки1С\resource\b0e6f2b0-054a-4fb5-9528-57ac8563eb65\synth_656.py Валидация данных платежа...
2026-05-24T09:06:22+0300 INFO: C:\Users\NKTKLN\Desktop\puzzle-rpa-hack2\Kейс1_РазнесениеВыписки1С\resource\b0e6f2b0-054a-4fb5-9528-57ac8563eb65\synth_656.py Данные корректны
2026-05-24T09:06:22+0300 INFO: C:\Users\NKTKLN\Desktop\puzzle-rpa-hack2\Kейс1_РазнесениеВыписки1С\resource\b0e6f2b0-054a-4fb5-9528-57ac8563eb65\bushkov_758.py Определение типа операции...
2026-05-24T09:06:22+0300 INFO: C:\Users\NKTKLN\Desktop\puzzle-rpa-hack2\Kейс1_РазнесениеВыписки1С\resource\b0e6f2b0-054a-4fb5-9528-57ac8563eb65\robo_190.py Заполнение банковской выписки...
2026-05-24T09:06:22+0300 INFO: C:\Users\NKTKLN\Desktop\puzzle-rpa-hack2\Kейс1_РазнесениеВыписки1С\resource\b0e6f2b0-054a-4fb5-9528-57ac8563eb65\robo_190.py Открытие формы...
2026-05-24T09:06:22+0300 INFO: C:\Users\NKTKLN\Desktop\puzzle-rpa-hack2\Kейс1_РазнесениеВыписки1С\resource\b0e6f2b0-054a-4fb5-9528-57ac8563eb65\bot_719.py Запись результата...
2026-05-24T09:06:22+0300 INFO: C:\Users\NKTKLN\Desktop\puzzle-rpa-hack2\Kейс1_РазнесениеВыписки1С\resource\b0e6f2b0-054a-4fb5-9528-57ac8563eb65\bot_719.py Запись успешно добавлена
2026-05-24T09:06:22+0300 ERROR: C:\Users\NKTKLN\Desktop\puzzle-rpa-hack2\Kейс1_РазнесениеВыписки1С\resource\b0e6f2b0-054a-4fb5-9528-57ac8563eb65\bushkov_758.py Произошла ошибка в строке: 173
Описание ошибки: The element is not visible
2026-05-24T09:06:22+0300 INFO: C:\Users\NKTKLN\Desktop\puzzle-rpa-hack2\Kейс1_РазнесениеВыписки1С\resource\b0e6f2b0-054a-4fb5-9528-57ac8563eb65\bot_719.py Сохранение отчёта...
2026-05-24T09:06:22+0300 INFO: C:\Users\NKTKLN\Desktop\puzzle-rpa-hack2\Kейс1_РазнесениеВыписки1С\resource\b0e6f2b0-054a-4fb5-9528-57ac8563eb65\bot_719.py Отчёт успешно сохранён
2026-05-24T09:06:22+0300 INFO: C:\Users\NKTKLN\Desktop\puzzle-rpa-hack2\Kейс1_РазнесениеВыписки1С\resource\b0e6f2b0-054a-4fb5-9528-57ac8563eb65\bot_719.py Обработка банковской выписки завершена.
Всего строк: 4
Успешно: 1
Ошибок: 3
Дубликатов: 0

2026-05-24T09:06:22+0300 INFO: Завершение работы робота: C:\Users\NKTKLN\Desktop\puzzle-rpa-hack2\Kейс1_РазнесениеВыписки1С\resource\b0e6f2b0-054a-4fb5-9528-57ac8563eb65\main.py
2026-05-24T09:06:23+0300 INFO: Завершение выполнения процесса. C:\Users\NKTKLN\Desktop\puzzle-rpa-hack2\Kейс1_РазнесениеВыписки1С\process\main.json
2026-05-24T09:07:44+0300 INFO: Запуск процесса из студии разработки. C:\Users\NKTKLN\Desktop\puzzle-rpa-hack2\Kейс1_РазнесениеВыписки1С\process\main.json
2026-05-24T09:07:45+0300 INFO: Старт робота: C:\Users\NKTKLN\Desktop\puzzle-rpa-hack2\Kейс1_РазнесениеВыписки1С\resource\a6f4e769-f5ad-47d1-b8c1-fe9b64454e34\node_530.py
2026-05-24T09:07:45+0300 INFO: Старт робота: C:\Users\NKTKLN\Desktop\puzzle-rpa-hack2\Kейс1_РазнесениеВыписки1С\resource\a6f4e769-f5ad-47d1-b8c1-fe9b64454e34\servo_940.py
2026-05-24T09:07:47+0300 INFO: Старт робота: C:\Users\NKTKLN\Desktop\puzzle-rpa-hack2\Kейс1_РазнесениеВыписки1С\resource\a6f4e769-f5ad-47d1-b8c1-fe9b64454e34\robo_190.py
2026-05-24T09:07:48+0300 INFO: Старт робота: C:\Users\NKTKLN\Desktop\puzzle-rpa-hack2\Kейс1_РазнесениеВыписки1С\resource\a6f4e769-f5ad-47d1-b8c1-fe9b64454e34\synth_656.py
2026-05-24T09:07:48+0300 INFO: Старт робота: C:\Users\NKTKLN\Desktop\puzzle-rpa-hack2\Kейс1_РазнесениеВыписки1С\resource\a6f4e769-f5ad-47d1-b8c1-fe9b64454e34\bot_719.py
2026-05-24T09:07:48+0300 INFO: Старт робота: C:\Users\NKTKLN\Desktop\puzzle-rpa-hack2\Kейс1_РазнесениеВыписки1С\resource\a6f4e769-f5ad-47d1-b8c1-fe9b64454e34\bushkov_758.py
2026-05-24T09:07:48+0300 INFO: Старт робота: C:\Users\NKTKLN\Desktop\puzzle-rpa-hack2\Kейс1_РазнесениеВыписки1С\resource\a6f4e769-f5ad-47d1-b8c1-fe9b64454e34\main.py
2026-05-24T09:07:48+0300 INFO: C:\Users\NKTKLN\Desktop\puzzle-rpa-hack2\Kейс1_РазнесениеВыписки1С\resource\a6f4e769-f5ad-47d1-b8c1-fe9b64454e34\servo_940.py Подготовка конфигурации...
2026-05-24T09:07:48+0300 INFO: C:\Users\NKTKLN\Desktop\puzzle-rpa-hack2\Kейс1_РазнесениеВыписки1С\resource\a6f4e769-f5ad-47d1-b8c1-fe9b64454e34\servo_940.py Чтение файла конфигурации...
2026-05-24T09:07:48+0300 INFO: C:\Users\NKTKLN\Desktop\puzzle-rpa-hack2\Kейс1_РазнесениеВыписки1С\resource\a6f4e769-f5ad-47d1-b8c1-fe9b64454e34\servo_940.py Файл конфигурации найден
2026-05-24T09:07:48+0300 INFO: C:\Users\NKTKLN\Desktop\puzzle-rpa-hack2\Kейс1_РазнесениеВыписки1С\resource\a6f4e769-f5ad-47d1-b8c1-fe9b64454e34\servo_940.py Чтение файла конфигурации успешно
2026-05-24T09:07:48+0300 INFO: C:\Users\NKTKLN\Desktop\puzzle-rpa-hack2\Kейс1_РазнесениеВыписки1С\resource\a6f4e769-f5ad-47d1-b8c1-fe9b64454e34\servo_940.py Подготовка и валидация конфига...
2026-05-24T09:07:48+0300 INFO: C:\Users\NKTKLN\Desktop\puzzle-rpa-hack2\Kейс1_РазнесениеВыписки1С\resource\a6f4e769-f5ad-47d1-b8c1-fe9b64454e34\servo_940.py Значения по умолчанию заполнены
2026-05-24T09:07:48+0300 INFO: C:\Users\NKTKLN\Desktop\puzzle-rpa-hack2\Kейс1_РазнесениеВыписки1С\resource\a6f4e769-f5ad-47d1-b8c1-fe9b64454e34\servo_940.py Все обязательные поля в конфиге существуют
2026-05-24T09:07:48+0300 INFO: C:\Users\NKTKLN\Desktop\puzzle-rpa-hack2\Kейс1_РазнесениеВыписки1С\resource\a6f4e769-f5ad-47d1-b8c1-fe9b64454e34\servo_940.py Конфиг логически корректен
2026-05-24T09:07:48+0300 INFO: C:\Users\NKTKLN\Desktop\puzzle-rpa-hack2\Kейс1_РазнесениеВыписки1С\resource\a6f4e769-f5ad-47d1-b8c1-fe9b64454e34\servo_940.py Конфигурация дополнена и проверена
2026-05-24T09:07:48+0300 INFO: C:\Users\NKTKLN\Desktop\puzzle-rpa-hack2\Kейс1_РазнесениеВыписки1С\resource\a6f4e769-f5ad-47d1-b8c1-fe9b64454e34\servo_940.py Конфигурация готова к работе
2026-05-24T09:07:48+0300 INFO: C:\Users\NKTKLN\Desktop\puzzle-rpa-hack2\Kейс1_РазнесениеВыписки1С\resource\a6f4e769-f5ad-47d1-b8c1-fe9b64454e34\robo_190.py Инициализация 1С...
2026-05-24T09:07:58+0300 INFO: C:\Users\NKTKLN\Desktop\puzzle-rpa-hack2\Kейс1_РазнесениеВыписки1С\resource\a6f4e769-f5ad-47d1-b8c1-fe9b64454e34\robo_190.py 1С запущен
2026-05-24T09:07:58+0300 INFO: C:\Users\NKTKLN\Desktop\puzzle-rpa-hack2\Kейс1_РазнесениеВыписки1С\resource\a6f4e769-f5ad-47d1-b8c1-fe9b64454e34\robo_190.py Вход в 1С...
2026-05-24T09:07:58+0300 INFO: C:\Users\NKTKLN\Desktop\puzzle-rpa-hack2\Kейс1_РазнесениеВыписки1С\resource\a6f4e769-f5ad-47d1-b8c1-fe9b64454e34\robo_190.py Отправка данных для логина...
2026-05-24T09:07:59+0300 INFO: C:\Users\NKTKLN\Desktop\puzzle-rpa-hack2\Kейс1_РазнесениеВыписки1С\resource\a6f4e769-f5ad-47d1-b8c1-fe9b64454e34\robo_190.py Отправка данных успешна
2026-05-24T09:08:30+0300 INFO: C:\Users\NKTKLN\Desktop\puzzle-rpa-hack2\Kейс1_РазнесениеВыписки1С\resource\a6f4e769-f5ad-47d1-b8c1-fe9b64454e34\robo_190.py Вход в 1С успешен
2026-05-24T09:08:30+0300 INFO: C:\Users\NKTKLN\Desktop\puzzle-rpa-hack2\Kейс1_РазнесениеВыписки1С\resource\a6f4e769-f5ad-47d1-b8c1-fe9b64454e34\synth_656.py Чтение файла банковской выписки...
2026-05-24T09:08:30+0300 INFO: C:\Users\NKTKLN\Desktop\puzzle-rpa-hack2\Kейс1_РазнесениеВыписки1С\resource\a6f4e769-f5ad-47d1-b8c1-fe9b64454e34\synth_656.py Файл банковской выписки найден
2026-05-24T09:08:30+0300 INFO: C:\Users\NKTKLN\Desktop\puzzle-rpa-hack2\Kейс1_РазнесениеВыписки1С\resource\a6f4e769-f5ad-47d1-b8c1-fe9b64454e34\synth_656.py Чтение банковской выписки успешно
2026-05-24T09:08:30+0300 INFO: C:\Users\NKTKLN\Desktop\puzzle-rpa-hack2\Kейс1_РазнесениеВыписки1С\resource\a6f4e769-f5ad-47d1-b8c1-fe9b64454e34\synth_656.py Валидация банковской выписки...
2026-05-24T09:08:30+0300 INFO: C:\Users\NKTKLN\Desktop\puzzle-rpa-hack2\Kейс1_РазнесениеВыписки1С\resource\a6f4e769-f5ad-47d1-b8c1-fe9b64454e34\synth_656.py Все обязательные колонки в банковской выпеске существуют
2026-05-24T09:08:30+0300 INFO: C:\Users\NKTKLN\Desktop\puzzle-rpa-hack2\Kейс1_РазнесениеВыписки1С\resource\a6f4e769-f5ad-47d1-b8c1-fe9b64454e34\synth_656.py Банковская выписка готова к работе
2026-05-24T09:08:30+0300 INFO: C:\Users\NKTKLN\Desktop\puzzle-rpa-hack2\Kейс1_РазнесениеВыписки1С\resource\a6f4e769-f5ad-47d1-b8c1-fe9b64454e34\bushkov_758.py Обработка банковских данных...
2026-05-24T09:08:30+0300 INFO: C:\Users\NKTKLN\Desktop\puzzle-rpa-hack2\Kейс1_РазнесениеВыписки1С\resource\a6f4e769-f5ad-47d1-b8c1-fe9b64454e34\robo_190.py Открытие страницы "Банковские выписки"...
2026-05-24T09:08:36+0300 INFO: C:\Users\NKTKLN\Desktop\puzzle-rpa-hack2\Kейс1_РазнесениеВыписки1С\resource\a6f4e769-f5ad-47d1-b8c1-fe9b64454e34\robo_190.py Открытие формы для заполнения банковской выписки
2026-05-24T09:08:37+0300 INFO: C:\Users\NKTKLN\Desktop\puzzle-rpa-hack2\Kейс1_РазнесениеВыписки1С\resource\a6f4e769-f5ad-47d1-b8c1-fe9b64454e34\robo_190.py Страница успешно открыта
2026-05-24T09:08:37+0300 INFO: C:\Users\NKTKLN\Desktop\puzzle-rpa-hack2\Kейс1_РазнесениеВыписки1С\resource\a6f4e769-f5ad-47d1-b8c1-fe9b64454e34\bushkov_758.py Начата обработка платежа: {'Дата': '2025-01-03', 'Сумма': 15000, 'Тип': 'Поступление', 'Назначение': 'Оплата по счету', 'ИНН_контрагента': 7799091002, 'Организация': 'Конфетпром ООО', 'Контрагент': 'Бар Дионис'}
2026-05-24T09:08:37+0300 INFO: C:\Users\NKTKLN\Desktop\puzzle-rpa-hack2\Kейс1_РазнесениеВыписки1С\resource\a6f4e769-f5ad-47d1-b8c1-fe9b64454e34\synth_656.py Валидация данных платежа...
2026-05-24T09:08:37+0300 INFO: C:\Users\NKTKLN\Desktop\puzzle-rpa-hack2\Kейс1_РазнесениеВыписки1С\resource\a6f4e769-f5ad-47d1-b8c1-fe9b64454e34\synth_656.py Данные корректны
2026-05-24T09:08:37+0300 INFO: C:\Users\NKTKLN\Desktop\puzzle-rpa-hack2\Kейс1_РазнесениеВыписки1С\resource\a6f4e769-f5ad-47d1-b8c1-fe9b64454e34\bushkov_758.py Определение типа операции...
2026-05-24T09:08:37+0300 INFO: C:\Users\NKTKLN\Desktop\puzzle-rpa-hack2\Kейс1_РазнесениеВыписки1С\resource\a6f4e769-f5ad-47d1-b8c1-fe9b64454e34\robo_190.py Заполнение банковской выписки...
2026-05-24T09:08:37+0300 INFO: C:\Users\NKTKLN\Desktop\puzzle-rpa-hack2\Kейс1_РазнесениеВыписки1С\resource\a6f4e769-f5ad-47d1-b8c1-fe9b64454e34\robo_190.py Открытие формы...
2026-05-24T09:08:43+0300 INFO: C:\Users\NKTKLN\Desktop\puzzle-rpa-hack2\Kейс1_РазнесениеВыписки1С\resource\a6f4e769-f5ad-47d1-b8c1-fe9b64454e34\robo_190.py Заполнение вормы банковской выписки...
2026-05-24T09:08:43+0300 INFO: C:\Users\NKTKLN\Desktop\puzzle-rpa-hack2\Kейс1_РазнесениеВыписки1С\resource\a6f4e769-f5ad-47d1-b8c1-fe9b64454e34\robo_190.py Заполнение поля: date_field
2026-05-24T09:08:51+0300 INFO: C:\Users\NKTKLN\Desktop\puzzle-rpa-hack2\Kейс1_РазнесениеВыписки1С\resource\a6f4e769-f5ad-47d1-b8c1-fe9b64454e34\robo_190.py Заполнение поля: purpose_field
2026-05-24T09:08:52+0300 INFO: C:\Users\NKTKLN\Desktop\puzzle-rpa-hack2\Kейс1_РазнесениеВыписки1С\resource\a6f4e769-f5ad-47d1-b8c1-fe9b64454e34\robo_190.py Заполнение поля: inn_field
2026-05-24T09:08:54+0300 INFO: C:\Users\NKTKLN\Desktop\puzzle-rpa-hack2\Kейс1_РазнесениеВыписки1С\resource\a6f4e769-f5ad-47d1-b8c1-fe9b64454e34\robo_190.py Заполнение поля: amount_field
2026-05-24T09:08:57+0300 INFO: C:\Users\NKTKLN\Desktop\puzzle-rpa-hack2\Kейс1_РазнесениеВыписки1С\resource\a6f4e769-f5ad-47d1-b8c1-fe9b64454e34\bot_719.py Запись результата...
2026-05-24T09:08:57+0300 INFO: C:\Users\NKTKLN\Desktop\puzzle-rpa-hack2\Kейс1_РазнесениеВыписки1С\resource\a6f4e769-f5ad-47d1-b8c1-fe9b64454e34\bot_719.py Запись успешно добавлена
2026-05-24T09:08:57+0300 ERROR: C:\Users\NKTKLN\Desktop\puzzle-rpa-hack2\Kейс1_РазнесениеВыписки1С\resource\a6f4e769-f5ad-47d1-b8c1-fe9b64454e34\bushkov_758.py Произошла ошибка в строке: 173
Описание ошибки: Ошибка загрузки элемента Организация.
2026-05-24T09:08:57+0300 INFO: C:\Users\NKTKLN\Desktop\puzzle-rpa-hack2\Kейс1_РазнесениеВыписки1С\resource\a6f4e769-f5ad-47d1-b8c1-fe9b64454e34\bushkov_758.py Начата обработка платежа: {'Дата': '2025-01-03', 'Сумма': 30000, 'Тип': 'Поступление', 'Назначение': 'Возврат налога', 'ИНН_контрагента': 5099618931, 'Организация': 'Абрамов Г. С. ИП', 'Контрагент': 'Дом отдыха "Лесная поляна"'}
2026-05-24T09:08:57+0300 INFO: C:\Users\NKTKLN\Desktop\puzzle-rpa-hack2\Kейс1_РазнесениеВыписки1С\resource\a6f4e769-f5ad-47d1-b8c1-fe9b64454e34\synth_656.py Валидация данных платежа...
2026-05-24T09:08:57+0300 INFO: C:\Users\NKTKLN\Desktop\puzzle-rpa-hack2\Kейс1_РазнесениеВыписки1С\resource\a6f4e769-f5ad-47d1-b8c1-fe9b64454e34\synth_656.py Данные корректны
2026-05-24T09:08:57+0300 INFO: C:\Users\NKTKLN\Desktop\puzzle-rpa-hack2\Kейс1_РазнесениеВыписки1С\resource\a6f4e769-f5ad-47d1-b8c1-fe9b64454e34\bushkov_758.py Определение типа операции...
2026-05-24T09:08:57+0300 INFO: C:\Users\NKTKLN\Desktop\puzzle-rpa-hack2\Kейс1_РазнесениеВыписки1С\resource\a6f4e769-f5ad-47d1-b8c1-fe9b64454e34\robo_190.py Заполнение банковской выписки...
2026-05-24T09:08:57+0300 INFO: C:\Users\NKTKLN\Desktop\puzzle-rpa-hack2\Kейс1_РазнесениеВыписки1С\resource\a6f4e769-f5ad-47d1-b8c1-fe9b64454e34\robo_190.py Открытие формы...
2026-05-24T09:08:57+0300 INFO: C:\Users\NKTKLN\Desktop\puzzle-rpa-hack2\Kейс1_РазнесениеВыписки1С\resource\a6f4e769-f5ad-47d1-b8c1-fe9b64454e34\bot_719.py Запись результата...
2026-05-24T09:08:57+0300 INFO: C:\Users\NKTKLN\Desktop\puzzle-rpa-hack2\Kейс1_РазнесениеВыписки1С\resource\a6f4e769-f5ad-47d1-b8c1-fe9b64454e34\bot_719.py Запись успешно добавлена
2026-05-24T09:08:57+0300 ERROR: C:\Users\NKTKLN\Desktop\puzzle-rpa-hack2\Kейс1_РазнесениеВыписки1С\resource\a6f4e769-f5ad-47d1-b8c1-fe9b64454e34\bushkov_758.py Произошла ошибка в строке: 173
Описание ошибки: The element is not visible
2026-05-24T09:08:57+0300 INFO: C:\Users\NKTKLN\Desktop\puzzle-rpa-hack2\Kейс1_РазнесениеВыписки1С\resource\a6f4e769-f5ad-47d1-b8c1-fe9b64454e34\bushkov_758.py Начата обработка платежа: {'Дата': '2025-02-05', 'Сумма': 20000, 'Тип': 'Поступление', 'Назначение': 'Перевод с другого счета', 'ИНН_контрагента': 7799492773, 'Организация': 'Магазин №23', 'Контрагент': 'Кафе-кондитерская "Зефир"'}
2026-05-24T09:08:57+0300 INFO: C:\Users\NKTKLN\Desktop\puzzle-rpa-hack2\Kейс1_РазнесениеВыписки1С\resource\a6f4e769-f5ad-47d1-b8c1-fe9b64454e34\synth_656.py Валидация данных платежа...
2026-05-24T09:08:57+0300 INFO: C:\Users\NKTKLN\Desktop\puzzle-rpa-hack2\Kейс1_РазнесениеВыписки1С\resource\a6f4e769-f5ad-47d1-b8c1-fe9b64454e34\synth_656.py Данные корректны
2026-05-24T09:08:57+0300 INFO: C:\Users\NKTKLN\Desktop\puzzle-rpa-hack2\Kейс1_РазнесениеВыписки1С\resource\a6f4e769-f5ad-47d1-b8c1-fe9b64454e34\bushkov_758.py Определение типа операции...
2026-05-24T09:08:57+0300 INFO: C:\Users\NKTKLN\Desktop\puzzle-rpa-hack2\Kейс1_РазнесениеВыписки1С\resource\a6f4e769-f5ad-47d1-b8c1-fe9b64454e34\robo_190.py Заполнение банковской выписки...
2026-05-24T09:08:57+0300 INFO: C:\Users\NKTKLN\Desktop\puzzle-rpa-hack2\Kейс1_РазнесениеВыписки1С\resource\a6f4e769-f5ad-47d1-b8c1-fe9b64454e34\robo_190.py Открытие формы...
2026-05-24T09:08:57+0300 INFO: C:\Users\NKTKLN\Desktop\puzzle-rpa-hack2\Kейс1_РазнесениеВыписки1С\resource\a6f4e769-f5ad-47d1-b8c1-fe9b64454e34\bot_719.py Запись результата...
2026-05-24T09:08:57+0300 INFO: C:\Users\NKTKLN\Desktop\puzzle-rpa-hack2\Kейс1_РазнесениеВыписки1С\resource\a6f4e769-f5ad-47d1-b8c1-fe9b64454e34\bot_719.py Запись успешно добавлена
2026-05-24T09:08:57+0300 ERROR: C:\Users\NKTKLN\Desktop\puzzle-rpa-hack2\Kейс1_РазнесениеВыписки1С\resource\a6f4e769-f5ad-47d1-b8c1-fe9b64454e34\bushkov_758.py Произошла ошибка в строке: 173
Описание ошибки: The element is not visible
2026-05-24T09:08:57+0300 INFO: C:\Users\NKTKLN\Desktop\puzzle-rpa-hack2\Kейс1_РазнесениеВыписки1С\resource\a6f4e769-f5ad-47d1-b8c1-fe9b64454e34\bushkov_758.py Начата обработка платежа: {'Дата': '2025-04-13', 'Сумма': 12000, 'Тип': 'Поступление', 'Назначение': 'Возврат от поставщика', 'ИНН_контрагента': 7799091002, 'Организация': 'Торговый дом "Комплексный" ООО', 'Контрагент': 'Бар Дионис'}
2026-05-24T09:08:57+0300 INFO: C:\Users\NKTKLN\Desktop\puzzle-rpa-hack2\Kейс1_РазнесениеВыписки1С\resource\a6f4e769-f5ad-47d1-b8c1-fe9b64454e34\synth_656.py Валидация данных платежа...
2026-05-24T09:08:57+0300 INFO: C:\Users\NKTKLN\Desktop\puzzle-rpa-hack2\Kейс1_РазнесениеВыписки1С\resource\a6f4e769-f5ad-47d1-b8c1-fe9b64454e34\synth_656.py Данные корректны
2026-05-24T09:08:57+0300 INFO: C:\Users\NKTKLN\Desktop\puzzle-rpa-hack2\Kейс1_РазнесениеВыписки1С\resource\a6f4e769-f5ad-47d1-b8c1-fe9b64454e34\bushkov_758.py Определение типа операции...
2026-05-24T09:08:57+0300 INFO: C:\Users\NKTKLN\Desktop\puzzle-rpa-hack2\Kейс1_РазнесениеВыписки1С\resource\a6f4e769-f5ad-47d1-b8c1-fe9b64454e34\robo_190.py Заполнение банковской выписки...
2026-05-24T09:08:57+0300 INFO: C:\Users\NKTKLN\Desktop\puzzle-rpa-hack2\Kейс1_РазнесениеВыписки1С\resource\a6f4e769-f5ad-47d1-b8c1-fe9b64454e34\robo_190.py Открытие формы...
2026-05-24T09:08:57+0300 INFO: C:\Users\NKTKLN\Desktop\puzzle-rpa-hack2\Kейс1_РазнесениеВыписки1С\resource\a6f4e769-f5ad-47d1-b8c1-fe9b64454e34\bot_719.py Запись результата...
2026-05-24T09:08:57+0300 INFO: C:\Users\NKTKLN\Desktop\puzzle-rpa-hack2\Kейс1_РазнесениеВыписки1С\resource\a6f4e769-f5ad-47d1-b8c1-fe9b64454e34\bot_719.py Запись успешно добавлена
2026-05-24T09:08:57+0300 ERROR: C:\Users\NKTKLN\Desktop\puzzle-rpa-hack2\Kейс1_РазнесениеВыписки1С\resource\a6f4e769-f5ad-47d1-b8c1-fe9b64454e34\bushkov_758.py Произошла ошибка в строке: 173
Описание ошибки: The element is not visible
2026-05-24T09:08:57+0300 INFO: C:\Users\NKTKLN\Desktop\puzzle-rpa-hack2\Kейс1_РазнесениеВыписки1С\resource\a6f4e769-f5ad-47d1-b8c1-fe9b64454e34\bot_719.py Сохранение отчёта...
2026-05-24T09:08:57+0300 INFO: C:\Users\NKTKLN\Desktop\puzzle-rpa-hack2\Kейс1_РазнесениеВыписки1С\resource\a6f4e769-f5ad-47d1-b8c1-fe9b64454e34\bot_719.py Отчёт успешно сохранён
2026-05-24T09:08:57+0300 INFO: C:\Users\NKTKLN\Desktop\puzzle-rpa-hack2\Kейс1_РазнесениеВыписки1С\resource\a6f4e769-f5ad-47d1-b8c1-fe9b64454e34\bot_719.py Обработка банковской выписки завершена.
Всего строк: 4
Успешно: 0
Ошибок: 4
Дубликатов: 0

2026-05-24T09:08:57+0300 INFO: Завершение работы робота: C:\Users\NKTKLN\Desktop\puzzle-rpa-hack2\Kейс1_РазнесениеВыписки1С\resource\a6f4e769-f5ad-47d1-b8c1-fe9b64454e34\main.py
2026-05-24T09:08:58+0300 INFO: Завершение выполнения процесса. C:\Users\NKTKLN\Desktop\puzzle-rpa-hack2\Kейс1_РазнесениеВыписки1С\process\main.json
